1,2006,18,1,1,1,1,1,2,19
2,2004,24,1,1,4,2,2,2,62
3,2003,45,2,1,3,1,1,1,317
4,2003,43,2,3,4,2,2,1,310
5,2005,50,4,1,2,2,1,1,80
6,2008,54,2,1,4,2,2,1,86
7,2009,44,2,4,3,1,2,1,337
8,2008,30,1,3,3,2,1,1,174
9,2006,41,1,2,3,2,2,1,195
10,2004,52,2,1,2,2,2,1,149
11,2007,45,4,1,3,2,1,1,235
12,2007,34,2,1,2,1,2,2,99
13,2005,35,1,1,2,2,2,1,278
14,2003,39,2,1,4,1,2,1,338
15,2009,54,2,1,2,2,2,1,349
16,2009,51,2,1,3,1,2,1,82
17,2003,37,1,3,4,1,2,2,273
18,2006,50,2,1,5,2,2,2,298
19,2007,56,2,1,4,1,1,1,11
20,2003,37,1,1,3,1,2,1,282
21,2003,38,2,3,4,2,2,2,233
22,2005,40,4,1,2,2,2,2,321
23,2009,75,2,1,4,1,2,1,79
24,2007,40,2,1,4,2,2,2,155
25,2006,38,1,1,2,1,1,2,332
26,2005,49,2,1,5,2,2,1,287
27,2006,43,2,1,2,1,1,1,339
28,2004,34,2,4,2,1,1,1,189
29,2008,57,2,1,2,1,2,2,237
30,2003,18,1,2,2,1,2,1,245
31,2004,55,2,1,5,2,2,1,68
32,2005,51,2,1,3,2,2,1,246
33,2008,33,1,1,5,1,2,2,298
34,2005,34,1,1,2,1,2,2,34
35,2006,36,2,1,4,2,2,1,206
36,2003,56,1,1,5,2,1,1,28
37,2006,70,1,1,4,1,1,1,111
38,2004,25,1,1,4,1,2,1,192
39,2006,32,2,1,3,1,2,2,193
40,2003,27,2,1,1,1,2,2,297
41,2004,28,2,3,4,1,2,2,332
42,2007,27,1,1,4,2,2,1,77
43,2004,43,1,1,1,1,1,2,45
44,2005,50,1,4,1,1,1,1,259
45,2004,39,2,2,2,2,2,2,65
46,2008,52,2,1,5,1,2,1,43
47,2009,35,2,1,4,1,2,1,332
48,2007,57,2,1,5,2,2,1,329
49,2006,25,1,1,1,1,2,2,332
50,2006,33,1,1,2,2,1,1,333
51,2005,57,2,1,5,2,2,2,260
52,2008,71,2,1,3,1,2,1,214
53,2004,43,2,1,4,1,2,1,304
54,2003,23,1,1,3,1,2,2,330
55,2009,30,1,1,5,2,2,1,18
56,2004,22,1,2,2,2,2,1,285
57,2006,59,2,1,5,2,1,1,267
58,2003,28,1,3,4,2,2,1,347
59,2004,61,2,1,2,1,2,1,124
60,2003,34,2,1,2,2,2,1,153
61,2005,43,2,1,4,1,2,1,242
62,2006,54,2,1,3,1,2,2,182
63,2005,69,2,1,2,1,1,1,49
64,2004,41,2,1,3,1,1,1,190
65,2003,48,2,1,5,2,2,1,207
66,2003,49,2,1,3,2,2,1,245
67,2009,42,2,1,2,1,2,1,208
68,2003,37,2,1,4,2,2,1,308
69,2004,55,2,3,2,1,2,1,87
70,2008,21,1,2,2,1,2,2,50
71,2004,58,2,1,2,2,2,1,254
72,2006,31,1,1,2,1,2,2,69
73,2006,25,1,1,2,1,2,1,118
74,2006,32,1,1,3,2,2,1,290
75,2009,40,1,2,1,2,2,1,318
76,2003,44,2,1,5,2,2,2,174
77,2003,60,2,1,4,1,2,1,323
78,2006,23,1,1,1,1,1,1,299
79,2003,63,2,1,2,2,2,2,152
80,2008,44,1,1,1,1,1,2,305
81,2005,47,2,3,5,2,1,1,282
82,2004,61,2,1,3,1,2,1,62
83,2009,55,2,1,5,2,2,2,168
84,2003,24,1,1,1,1,1,2,235
85,2007,42,3,1,2,1,2,1,42
86,2006,25,2,1,2,2,2,1,177
87,2004,34,4,1,2,1,2,2,170
88,2009,53,2,1,1,2,2,2,299
89,2009,53,2,1,4,2,2,1,174
90,2009,70,2,3,5,2,1,2,284
91,2004,47,2,1,4,2,2,1,102
92,2003,46,2,1,2,1,2,1,65
93,2003,33,4,1,1,1,1,1,116
94,2005,34,2,1,5,2,2,1,141
95,2006,22,1,1,2,1,1,2,246
96,2009,74,2,1,2,1,2,1,313
97,2003,40,2,2,3,2,1,1,36
98,2006,45,2,1,4,2,2,1,103
99,2009,43,2,3,4,2,2,1,271
100,2005,33,2,3,4,2,2,1,114
101,2009,62,2,2,4,2,2,1,144
102,2008,37,2,1,4,2,2,1,175
103,2004,54,2,1,2,2,1,1,173
104,2005,34,2,1,3,1,2,2,252
105,2008,50,1,1,4,2,2,1,114
106,2006,46,4,1,3,1,1,1,141
107,2007,41,2,1,1,1,2,2,75
108,2003,63,4,2,3,1,1,1,87
109,2007,38,2,1,3,1,1,1,89
110,2006,35,2,1,3,1,2,1,218
111,2009,29,2,1,4,2,1,1,41
112,2008,66,2,1,1,1,2,1,21
113,2004,37,2,1,2,2,1,1,271
114,2006,39,2,2,2,2,2,1,199
115,2003,42,2,1,2,1,2,2,247
116,2007,51,4,1,2,1,2,1,303
117,2009,55,2,3,5,1,1,1,26
118,2006,51,2,1,5,1,2,1,66
119,2008,38,2,1,5,1,1,1,251
120,2005,49,2,1,2,2,2,1,190
121,2006,42,2,1,2,2,2,2,341
122,2009,43,5,1,1,2,1,2,343
123,2006,38,2,1,4,2,2,1,246
124,2008,59,2,3,2,1,2,1,106
125,2009,57,2,1,3,1,1,1,134
126,2005,25,1,1,2,1,1,2,141
127,2004,49,2,1,4,1,1,1,69
128,2004,41,2,1,1,1,2,1,161
129,2009,38,2,1,2,1,2,1,234
130,2003,61,2,1,5,1,2,1,330
131,2007,49,4,1,2,1,1,1,265
132,2008,52,4,1,5,2,2,1,28
133,2007,43,2,1,5,2,2,1,154
134,2008,60,2,1,4,2,2,1,87
135,2005,46,2,3,5,2,2,1,271
136,2004,21,1,1,2,2,2,2,258
137,2009,61,2,1,4,1,2,1,218
138,2007,32,2,2,5,2,2,1,337
139,2004,58,2,1,2,2,1,1,335
140,2003,35,1,1,2,2,2,1,298
141,2004,26,1,2,2,2,2,1,204
142,2006,32,1,2,2,1,2,2,26
143,2003,37,2,1,2,2,2,1,310
144,2007,22,1,3,2,1,1,2,124
145,2005,51,1,1,2,1,1,2,216
146,2004,44,4,1,5,2,1,1,206
147,2005,35,2,3,5,1,2,1,77
148,2004,60,2,1,2,2,2,1,232
149,2007,40,2,1,4,2,2,1,263
150,2004,35,1,1,1,2,2,2,319
151,2007,35,2,1,5,2,2,2,72
152,2008,47,2,1,2,1,2,1,254
153,2003,43,1,1,4,2,2,1,311
154,2003,33,2,1,1,1,1,1,308
155,2003,60,4,1,5,1,2,1,350
156,2008,38,2,3,5,1,2,1,95
157,2005,53,2,1,2,2,2,2,99
158,2004,55,2,1,3,2,2,1,69
159,2003,57,2,2,2,2,1,2,246
160,2005,64,2,1,4,2,1,2,324
161,2007,43,2,1,2,1,1,1,48
162,2008,35,2,2,3,2,2,1,160
163,2008,54,2,1,2,2,2,2,342
164,2007,45,2,1,2,2,1,1,192
165,2003,58,4,3,4,2,2,1,238
166,2007,48,2,1,4,2,1,2,262
167,2003,46,2,3,1,1,2,1,100
168,2004,46,2,1,2,1,2,1,106
169,2009,55,2,1,1,1,2,1,248
170,2006,51,2,1,3,1,2,1,85
171,2005,49,2,1,3,1,2,1,53
172,2008,34,1,1,3,1,2,1,102
173,2007,53,2,1,3,1,2,2,101
174,2004,40,2,1,3,1,2,1,13
175,2009,50,2,1,3,1,2,1,217
176,2006,37,4,1,1,2,1,1,308
177,2003,39,2,1,3,1,2,1,210
178,2004,52,2,1,4,1,1,1,284
179,2003,50,2,1,2,2,2,1,190
180,2006,48,2,1,4,1,2,1,122
181,2006,47,2,1,2,1,2,1,252
182,2005,27,2,1,4,1,2,1,252
183,2006,39,2,1,2,1,2,1,26
184,2009,44,2,2,2,2,1,1,213
185,2003,37,2,2,3,1,2,1,210
186,2006,52,2,1,2,1,1,2,26
187,2004,26,1,3,3,1,2,1,298
188,2008,39,2,3,5,1,1,1,299
189,2006,25,2,2,2,1,1,2,85
190,2005,31,1,1,4,2,2,2,194
191,2004,58,2,1,3,1,1,1,272
192,2005,30,2,1,4,2,2,1,123
193,2004,27,2,1,1,1,1,1,345
194,2003,40,4,1,2,1,2,1,264
195,2006,55,2,1,5,1,2,1,306
196,2009,35,2,3,5,2,2,1,232
197,2008,48,2,1,2,1,1,2,175
198,2006,29,1,3,4,1,1,1,56
199,2005,25,1,1,3,1,2,1,329
200,2004,40,2,1,3,1,2,1,73
201,2006,27,2,1,1,2,1,2,131
202,2006,44,2,1,2,2,2,1,32
203,2006,49,2,1,3,2,2,1,165
204,2003,22,1,1,3,1,1,2,223
205,2007,45,2,1,3,1,1,1,35
206,2007,33,2,1,3,1,2,2,31
207,2007,63,2,2,5,2,2,1,180
208,2006,49,1,2,4,1,2,1,235
209,2005,39,1,1,5,2,2,1,305
210,2007,25,1,4,1,1,1,2,19
211,2005,29,1,1,5,2,2,1,348
212,2006,37,2,1,2,1,2,1,207
213,2008,35,2,1,5,2,1,1,262
214,2009,46,2,1,2,1,1,1,23
215,2008,58,2,1,4,1,2,1,69
216,2003,39,2,1,5,1,2,1,121
217,2008,41,2,1,4,2,2,1,39
218,2008,29,2,2,4,2,2,1,17
219,2009,37,2,1,4,2,1,1,69
220,2009,62,2,1,2,2,1,2,114
221,2008,27,1,2,2,1,2,1,201
222,2003,37,2,1,2,1,1,1,332
223,2006,56,5,3,4,2,1,2,228
224,2004,36,2,1,3,2,2,1,196
225,2005,23,1,4,2,2,2,2,245
226,2003,46,2,1,3,2,2,1,183
227,2009,26,1,1,3,1,2,2,78
228,2006,43,2,1,1,2,2,1,70
229,2007,36,2,1,2,2,2,1,229
230,2003,54,5,1,3,2,1,1,56
231,2003,62,2,1,2,1,2,1,133
232,2006,40,2,1,2,1,2,1,10
233,2006,53,2,1,3,1,2,1,78
234,2007,48,2,1,5,2,2,1,288
235,2004,23,2,1,4,1,2,2,223
236,2009,34,2,1,2,1,2,1,103
237,2004,43,2,1,4,2,2,2,310
238,2006,55,2,1,2,2,1,1,53
239,2007,59,1,1,2,2,2,1,329
240,2007,60,2,1,2,2,2,2,265
241,2009,49,1,1,2,1,2,1,63
242,2006,45,2,3,3,1,2,1,326
243,2006,31,4,1,2,1,2,2,121
244,2004,34,1,1,4,2,1,1,316
245,2005,26,1,1,5,2,2,1,339
246,2007,22,1,1,2,1,2,2,181
247,2004,40,2,1,2,2,1,2,86
248,2009,41,2,1,3,2,2,1,28
249,2006,36,1,2,3,1,2,1,188
250,2007,38,2,1,1,1,2,2,146
251,2003,48,2,1,2,1,2,2,132
252,2006,47,2,1,3,2,2,1,39
253,2005,47,5,1,1,1,1,2,128
254,2007,35,2,1,4,2,1,2,350
255,2008,49,2,3,2,2,2,1,225
256,2004,40,2,1,3,2,2,1,22
257,2004,32,3,3,4,1,2,2,183
258,2008,57,2,1,4,1,2,1,293
259,2008,56,2,1,4,1,2,1,82
260,2009,73,2,1,1,1,1,2,61
261,2007,29,1,1,2,1,1,1,339
262,2003,49,2,3,5,1,2,1,206
263,2009,30,1,1,2,1,2,1,61
264,2008,29,2,1,2,1,2,1,66
265,2004,36,2,1,3,2,2,2,144
266,2009,39,2,1,5,2,2,1,275
267,2007,48,2,1,4,2,2,1,160
268,2006,45,2,2,4,1,2,1,103
269,2004,50,2,1,4,1,1,2,319
270,2003,42,2,1,4,2,2,1,138
271,2007,58,2,1,3,1,1,2,17
272,2007,48,2,1,2,1,2,1,32
273,2003,48,2,1,4,1,2,1,113
274,2005,45,2,1,3,2,2,1,129
275,2007,41,4,1,3,1,2,1,338
276,2008,27,1,1,2,1,2,1,102
277,2004,44,2,1,2,2,2,1,300
278,2003,32,2,1,4,2,2,1,74
279,2006,46,2,1,1,2,2,1,120
280,2005,52,2,2,2,2,1,2,137
281,2003,22,1,1,3,1,2,2,210
282,2004,53,3,1,2,1,2,1,243
283,2008,34,2,1,5,1,1,1,167
284,2009,38,2,1,2,1,2,1,328
285,2009,42,2,1,1,2,2,1,242
286,2005,25,1,2,3,2,2,1,41
287,2004,29,1,1,3,1,2,1,341
288,2005,28,2,1,5,2,2,1,75
289,2005,46,2,1,4,1,2,1,324
290,2007,55,2,2,5,2,2,1,73
291,2004,56,2,1,2,1,1,2,126
292,2005,41,4,2,2,2,1,1,313
293,2009,61,2,1,5,2,2,2,269
294,2003,47,2,1,2,2,2,1,178
295,2006,52,2,1,3,1,2,1,29
296,2004,27,2,1,2,1,2,2,62
297,2007,33,1,2,3,2,2,1,103
298,2003,58,1,1,2,2,1,1,179
299,2005,27,2,1,4,1,2,1,156
300,2009,52,5,2,2,1,2,1,71
301,2003,45,2,1,5,1,2,2,307
302,2003,22,1,1,2,2,2,1,164
303,2005,25,1,1,3,1,1,1,94
304,2004,25,1,1,2,1,2,1,70
305,2005,41,2,2,1,1,2,1,283
306,2006,54,5,1,4,1,2,1,81
307,2007,23,2,1,2,1,2,1,163
308,2006,36,1,1,5,1,2,1,233
309,2004,31,5,1,3,1,1,1,146
310,2006,52,2,1,2,2,1,1,273
311,2007,46,2,2,2,2,1,2,20
312,2007,45,2,1,2,1,1,1,346
313,2009,40,2,1,2,1,1,2,166
314,2004,33,1,3,4,2,2,1,177
315,2007,42,2,1,4,2,2,1,324
316,2007,41,2,1,4,2,2,1,58
317,2007,25,1,4,2,1,2,1,209
318,2005,24,4,1,2,1,2,1,314
319,2006,24,1,1,3,1,2,2,123
320,2008,51,2,1,2,2,1,2,183
321,2004,41,2,1,2,1,2,2,37
322,2009,42,1,1,4,2,2,1,239
323,2005,30,1,1,4,1,2,1,145
324,2009,55,2,3,1,1,2,2,296
325,2008,23,1,1,2,1,2,1,67
326,2003,60,4,1,4,2,2,2,164
327,2003,40,2,3,5,2,2,1,349
328,2008,41,1,1,2,2,2,1,160
329,2003,80,2,1,2,2,1,1,334
330,2005,53,2,1,2,2,2,1,154
331,2004,40,1,1,2,1,2,2,222
332,2009,35,2,1,3,1,1,1,291
333,2009,55,2,1,1,1,1,1,309
334,2008,24,1,1,2,2,2,1,307
335,2007,39,2,1,4,2,2,1,10
336,2003,30,2,1,5,1,2,1,241
337,2005,68,2,1,2,1,1,1,37
338,2004,54,2,2,2,2,1,1,164
339,2008,27,1,1,4,1,2,2,124
340,2005,34,2,1,2,1,2,1,174
341,2004,53,2,1,5,2,1,1,87
342,2004,48,2,2,5,2,2,2,134
343,2005,59,2,1,2,1,2,1,169
344,2004,30,2,1,3,1,2,2,243
345,2007,45,2,1,5,2,2,1,302
346,2007,39,2,4,4,2,1,1,143
347,2008,45,2,3,4,1,1,2,291
348,2007,43,2,1,5,2,2,1,160
349,2003,30,1,2,5,2,2,1,107
350,2005,57,2,1,4,2,2,1,63
351,2004,53,2,1,4,2,1,1,333
352,2009,42,2,1,4,2,2,1,134
353,2005,23,1,1,2,1,1,2,293
354,2009,58,2,1,2,1,1,2,127
355,2005,43,2,1,1,1,2,1,79
356,2003,33,4,1,5,2,2,1,10
357,2004,56,2,1,4,2,2,1,282
358,2006,37,2,2,4,1,2,2,77
359,2009,41,4,1,5,1,2,2,161
360,2007,33,2,1,3,2,2,1,265
361,2007,50,1,1,5,2,2,1,222
362,2003,43,2,1,5,2,2,1,32
363,2004,53,2,1,4,1,2,1,205
364,2005,37,3,1,3,2,2,1,180
365,2006,20,1,2,3,2,2,2,330
366,2003,26,1,1,3,1,2,1,206
367,2003,29,4,1,4,2,2,2,71
368,2008,57,2,1,4,2,2,1,17
369,2009,47,2,1,3,2,2,1,19
370,2004,54,2,1,5,1,2,2,186
371,2007,38,2,1,1,1,1,2,181
372,2006,23,1,1,3,1,2,2,96
373,2004,31,2,1,2,2,2,1,310
374,2004,43,2,1,4,2,2,1,340
375,2003,33,2,1,5,2,1,2,330
376,2004,48,2,1,2,1,1,1,261
377,2008,33,2,1,2,1,2,1,133
378,2009,52,2,1,4,2,2,1,270
379,2008,30,1,2,3,2,2,2,70
380,2004,44,2,1,2,1,2,1,230
381,2004,38,2,1,2,2,2,1,324
382,2008,51,2,1,2,1,2,1,52
383,2007,47,2,1,3,1,2,1,13
384,2005,28,2,1,4,2,1,1,266
385,2004,52,4,1,3,2,2,1,170
386,2004,23,1,1,1,1,1,2,82
387,2003,65,2,1,1,1,1,2,267
388,2005,27,1,1,4,1,2,1,101
389,2004,33,2,1,1,2,2,2,150
390,2008,49,2,1,2,1,2,1,77
391,2008,27,1,1,3,1,1,1,16
392,2008,48,4,1,2,1,1,1,22
393,2005,38,1,1,3,1,1,1,100
394,2008,58,2,1,3,1,1,2,211
395,2003,40,2,3,5,1,2,2,193
396,2007,46,2,1,2,1,2,2,79
397,2009,53,2,2,3,2,1,1,67
398,2009,25,1,2,5,2,2,1,255
399,2003,42,2,1,3,2,2,1,86
400,2004,40,1,1,2,1,2,1,77
401,2006,35,2,1,2,2,2,1,90
402,2005,50,5,1,2,2,1,2,257
403,2004,34,2,1,3,1,2,1,164
404,2009,48,2,1,2,2,2,1,50
405,2004,49,2,1,5,2,1,1,247
406,2009,41,2,3,4,2,2,2,143
407,2004,37,2,3,4,2,2,1,301
408,2003,58,2,1,3,2,2,1,29
409,2006,28,1,2,2,1,1,2,62
410,2003,33,2,1,2,1,2,1,21
411,2003,50,2,1,3,1,2,1,249
412,2009,38,2,1,2,2,2,1,35
413,2003,48,2,1,2,1,2,1,64
414,2008,30,2,1,3,1,2,1,253
415,2006,49,2,1,5,2,2,2,292
416,2005,44,2,1,4,2,2,1,225
417,2009,50,2,1,2,1,2,1,325
418,2009,58,2,3,4,2,1,1,209
419,2004,45,1,1,4,2,2,1,316
420,2005,44,2,1,3,2,2,2,125
421,2005,35,4,1,4,2,1,2,276
422,2005,59,2,1,2,2,2,2,322
423,2009,45,2,1,2,2,2,2,138
424,2004,51,2,1,4,1,1,1,25
425,2006,61,2,1,3,2,2,2,183
426,2008,45,2,1,2,1,2,1,322
427,2003,34,1,1,4,1,2,1,95
428,2007,33,2,1,4,2,1,2,241
429,2005,45,2,1,2,2,1,1,226
430,2009,50,1,1,5,2,1,1,171
431,2006,50,2,1,2,2,2,1,308
432,2005,39,2,1,3,2,1,2,307
433,2009,26,1,1,4,2,2,1,78
434,2007,49,2,1,2,1,1,2,121
435,2003,20,1,1,2,1,2,2,347
436,2003,31,2,1,4,1,2,2,315
437,2007,49,2,1,2,2,1,1,254
438,2007,56,1,2,2,1,1,1,298
439,2005,61,2,1,4,2,2,1,335
440,2005,56,5,1,2,2,1,1,307
441,2009,51,2,1,4,2,2,2,310
442,2004,42,2,1,1,1,2,1,233
443,2004,45,2,1,4,1,2,1,333
444,2006,30,2,1,5,2,2,1,23
445,2005,48,1,1,4,2,1,2,136
446,2009,33,2,1,5,1,1,1,274
447,2007,50,2,1,3,2,2,1,238
448,2003,31,2,3,5,2,2,1,110
449,2003,48,2,1,4,1,1,1,132
450,2005,35,2,1,5,2,2,1,204
451,2009,47,2,2,3,1,2,1,226
452,2007,45,2,1,4,1,1,1,58
453,2009,52,2,1,2,1,2,1,176
454,2007,46,2,1,2,1,2,1,14
455,2007,47,2,3,4,2,2,2,74
456,2009,49,2,1,2,1,2,1,350
457,2007,36,2,1,1,1,1,2,326
458,2005,51,2,1,4,1,1,2,159
459,2008,46,2,1,2,1,2,1,240
460,2004,37,2,3,4,2,2,2,202
461,2005,23,1,1,3,1,2,1,321
462,2008,43,2,1,4,1,2,1,198
463,2006,34,2,3,4,2,2,1,158
464,2008,58,2,1,2,1,2,1,48
465,2009,44,1,3,4,2,2,1,310
466,2008,61,2,1,4,2,2,2,154
467,2005,40,4,1,1,1,2,2,13
468,2003,37,2,1,3,2,2,1,214
469,2003,33,2,1,2,2,2,2,102
470,2004,38,2,1,3,2,2,1,338
471,2006,41,2,1,2,2,1,1,170
472,2005,30,2,2,2,1,2,1,61
473,2003,51,2,1,1,1,1,1,221
474,2003,39,1,1,3,1,2,1,152
475,2006,56,2,2,3,2,2,1,75
476,2007,44,1,1,2,1,1,2,347
477,2005,51,4,1,5,2,2,1,76
478,2006,35,2,1,2,1,2,2,304
479,2009,27,1,1,2,1,1,2,107
480,2003,47,2,1,3,1,1,1,199
481,2007,51,2,3,3,2,1,2,157
482,2006,41,2,1,2,1,2,2,324
483,2005,63,2,1,1,1,1,2,248
484,2009,61,1,1,2,2,1,2,324
485,2004,46,2,1,2,1,1,1,328
486,2009,33,1,1,3,1,2,2,312
487,2009,35,5,1,1,2,1,2,323
488,2003,28,2,1,5,2,2,1,304
489,2007,50,2,3,3,1,2,2,121
490,2007,41,2,1,5,2,2,1,213
491,2008,23,2,1,4,1,1,2,155
492,2004,45,2,1,3,2,2,1,91
493,2007,63,2,1,5,1,2,1,60
494,2006,59,2,2,3,2,1,1,303
495,2005,30,2,1,4,2,2,1,129
496,2003,30,2,1,5,2,2,1,20
497,2007,45,2,1,2,1,1,2,107
498,2005,42,2,1,2,1,1,1,133
499,2009,57,2,1,1,1,2,1,224
500,2003,52,4,1,3,1,1,2,199
501,2003,54,2,1,3,2,2,1,120
502,2005,30,2,1,3,2,2,1,43
503,2003,47,2,1,4,1,2,1,250
504,2003,38,1,1,3,2,2,1,331
505,2003,47,2,1,3,2,1,1,186
506,2008,39,1,1,4,1,1,1,316
507,2005,50,2,1,2,1,2,2,328
508,2003,47,2,1,2,1,2,2,253
509,2004,45,2,1,2,1,1,1,269
510,2007,44,2,1,1,2,2,1,84
511,2003,52,2,1,2,1,2,1,102
512,2004,42,2,1,4,1,1,2,76
513,2004,18,1,1,1,1,2,2,57
514,2006,56,2,1,4,2,2,1,340
515,2004,50,2,3,5,2,2,2,49
516,2006,50,2,1,5,2,2,1,35
517,2006,53,1,1,3,2,1,2,301
518,2009,38,2,1,5,1,2,1,22
519,2004,27,1,1,1,2,2,2,329
520,2004,56,2,1,5,2,2,2,71
521,2003,50,2,1,5,2,2,1,225
522,2003,56,2,1,4,1,2,1,133
523,2007,50,2,1,1,1,1,2,153
524,2005,49,1,1,2,2,2,2,276
525,2005,42,1,1,3,1,2,2,86
526,2009,50,2,1,5,1,1,1,273
527,2003,53,2,1,4,2,2,1,286
528,2007,28,2,1,2,1,1,2,183
529,2003,45,2,1,2,1,1,1,55
530,2009,24,1,1,2,2,2,2,160
531,2003,25,1,1,1,1,2,2,31
532,2004,38,2,1,4,1,2,1,165
533,2009,47,2,1,4,1,1,1,194
534,2003,38,2,1,4,1,2,1,272
535,2007,33,2,1,3,2,2,2,146
536,2006,39,2,1,5,2,2,1,29
537,2005,52,4,1,2,1,1,1,238
538,2005,46,4,1,2,1,2,1,123
539,2004,42,2,1,2,2,2,1,273
540,2003,61,2,1,2,1,2,1,156
541,2005,32,1,1,2,1,2,1,198
542,2009,42,4,2,2,2,2,1,24
543,2006,61,2,1,5,2,2,1,222
544,2009,27,2,1,2,1,2,2,245
545,2008,45,2,1,5,1,1,1,13
546,2003,58,2,1,4,2,2,2,262
547,2007,25,1,1,4,1,2,1,271
548,2007,34,2,1,1,1,2,2,305
549,2005,44,2,2,3,2,1,1,274
550,2007,40,2,1,3,2,2,2,249
551,2007,51,2,2,4,1,2,2,26
552,2003,50,2,1,5,2,2,1,149
553,2009,64,2,1,4,2,1,1,31
554,2003,54,2,1,3,1,2,1,170
555,2008,42,1,1,4,2,2,1,74
556,2007,31,2,3,2,1,1,2,107
557,2003,25,1,1,4,1,2,1,92
558,2006,32,2,1,3,1,2,1,10
559,2007,51,2,1,1,2,1,1,281
560,2007,75,2,2,1,2,1,2,138
561,2003,28,2,4,2,1,2,2,160
562,2009,28,1,1,2,1,2,2,303
563,2007,32,1,1,5,1,1,1,294
564,2006,53,2,1,5,2,2,1,345
565,2008,36,2,1,3,1,1,2,225
566,2004,43,2,1,5,2,2,1,89
567,2004,51,2,1,4,1,1,1,24
568,2005,35,2,2,4,2,2,1,112
569,2004,46,5,1,2,1,2,2,203
570,2003,38,2,1,4,1,2,1,287
571,2004,43,2,3,4,2,2,2,258
572,2004,39,2,1,2,1,2,2,50
573,2007,37,4,1,3,1,2,1,302
574,2008,59,4,1,5,2,1,1,130
575,2003,33,2,1,4,1,1,2,286
576,2007,23,1,1,3,1,2,2,306
577,2006,37,1,1,3,1,2,2,42
578,2005,40,2,1,2,1,1,2,206
579,2006,25,2,1,3,2,2,1,260
580,2008,27,1,1,4,1,2,1,306
581,2004,47,2,1,5,2,1,1,104
582,2008,52,2,2,4,1,2,2,277
583,2007,23,1,1,2,2,2,2,105
584,2004,33,2,1,4,2,1,2,126
585,2005,37,1,3,4,2,1,1,96
586,2008,34,2,1,2,1,1,2,169
587,2003,51,5,1,2,1,1,1,224
588,2007,40,4,1,3,1,2,1,179
589,2007,50,2,1,2,2,1,1,170
590,2005,64,2,1,3,1,2,1,155
591,2008,54,2,1,1,1,1,1,307
592,2003,50,2,2,2,2,2,1,321
593,2004,32,2,1,4,2,2,1,107
594,2004,37,2,2,4,2,1,1,250
595,2006,19,1,1,1,1,2,2,315
596,2006,32,2,1,2,1,2,1,322
597,2004,42,2,1,3,1,1,1,330
598,2009,26,1,1,3,1,1,2,329
599,2009,46,2,1,5,2,2,1,83
600,2009,18,1,1,1,1,1,2,183
601,2005,43,2,1,2,2,1,1,266
602,2003,62,2,1,3,1,2,1,332
603,2008,44,2,1,2,1,2,1,223
604,2005,40,2,1,3,2,1,1,217
605,2006,43,2,1,2,1,1,1,112
606,2004,32,1,3,4,1,2,1,159
607,2006,48,1,2,2,2,2,1,172
608,2009,35,2,1,3,2,2,1,144
609,2006,61,2,1,3,2,1,1,15
610,2006,47,2,1,1,1,2,1,82
611,2005,55,4,1,2,2,2,1,99
612,2008,28,4,4,2,1,2,1,110
613,2008,52,2,1,5,1,1,2,349
614,2009,27,1,2,5,2,2,1,194
615,2006,22,2,2,3,2,2,1,226
616,2006,20,1,1,2,1,1,2,95
617,2006,42,2,1,2,2,1,1,13
618,2007,29,2,1,4,1,2,2,100
619,2003,31,1,1,4,2,1,1,265
620,2008,59,4,1,3,2,1,1,174
621,2008,36,2,1,5,1,2,1,246
622,2007,32,2,1,1,1,1,2,221
623,2005,32,1,1,3,2,1,1,144
624,2006,25,1,1,3,2,2,1,343
625,2008,43,2,1,3,2,2,2,121
626,2008,44,1,1,2,1,1,2,109
627,2009,57,2,1,3,1,2,2,314
628,2006,49,2,2,4,2,2,1,101
629,2007,41,2,1,2,2,2,1,88
630,2006,38,2,1,4,1,2,1,47
631,2004,58,2,1,1,2,1,1,274
632,2004,59,2,3,5,2,2,2,344
633,2005,39,2,1,5,2,2,1,28
634,2006,60,2,1,3,1,1,1,147
635,2007,56,2,1,2,2,1,1,210
636,2008,44,2,1,3,1,2,1,130
637,2008,70,2,2,3,2,2,1,296
638,2009,27,1,1,4,2,2,2,32
639,2004,47,2,1,2,1,1,2,265
640,2003,41,2,1,3,1,2,2,301
641,2008,29,2,1,3,1,2,1,104
642,2009,42,2,1,1,1,2,1,14
643,2007,51,4,1,4,2,1,1,60
644,2009,47,2,1,2,1,2,1,103
645,2008,48,2,2,2,1,1,1,199
646,2003,39,2,1,2,1,2,2,277
647,2005,23,1,1,2,1,2,1,188
648,2007,31,2,1,3,1,2,2,203
649,2005,59,2,1,2,1,1,1,27
650,2003,19,1,1,1,1,2,2,103
651,2009,42,2,1,5,2,2,1,26
652,2004,35,2,3,2,1,2,2,263
653,2007,38,2,1,5,2,1,1,315
654,2006,45,2,1,3,2,2,1,161
655,2008,58,2,1,5,1,2,2,256
656,2006,26,1,1,3,2,2,1,85
657,2003,30,1,3,2,2,2,2,261
658,2006,54,5,1,5,2,2,1,220
659,2008,38,2,1,2,1,2,1,177
660,2005,44,2,3,2,1,2,1,339
661,2003,52,2,1,4,2,2,2,257
662,2004,73,4,1,2,1,1,1,100
663,2006,65,2,1,5,2,2,1,332
664,2003,28,2,1,4,2,1,2,276
665,2009,53,2,1,1,1,1,1,237
666,2006,53,2,1,3,2,2,1,192
667,2008,52,2,1,4,2,2,1,56
668,2009,27,1,1,2,2,2,1,183
669,2003,57,2,1,1,1,2,1,214
670,2004,32,1,1,4,2,2,1,311
671,2007,51,1,1,2,2,1,1,134
672,2008,43,2,1,2,2,2,1,308
673,2004,50,2,1,3,1,2,1,315
674,2004,53,2,1,3,2,2,1,185
675,2007,54,2,3,1,1,1,2,60
676,2007,24,1,1,2,1,2,1,163
677,2008,40,2,1,2,2,1,1,112
678,2003,30,2,1,4,1,1,1,239
679,2003,45,2,1,4,2,2,1,16
680,2007,55,4,1,4,1,2,1,129
681,2003,45,1,1,5,2,2,1,332
682,2004,44,1,2,4,2,2,1,32
683,2004,37,3,1,4,2,2,1,42
684,2008,41,2,1,1,1,1,1,296
685,2007,44,2,1,2,1,1,2,183
686,2007,52,1,1,2,1,2,1,288
687,2009,55,2,1,4,2,2,1,31
688,2003,43,2,1,2,1,2,1,94
689,2009,27,1,3,5,2,2,1,157
690,2006,43,2,1,2,2,2,1,198
691,2007,46,2,1,2,1,1,1,82
692,2003,30,2,1,3,2,1,1,64
693,2003,43,2,1,1,1,2,1,289
694,2005,48,2,1,3,1,2,1,63
695,2003,33,1,2,1,1,2,2,330
696,2008,29,1,1,3,1,2,1,176
697,2005,24,1,1,2,2,2,2,246
698,2009,52,2,1,3,1,2,1,36
699,2005,50,2,1,5,1,2,2,349
700,2005,24,1,1,2,1,2,2,109
701,2003,42,1,1,3,1,2,1,338
702,2004,53,2,1,4,1,2,1,133
703,2008,49,2,1,5,2,2,1,67
704,2004,46,2,1,1,1,1,2,302
705,2008,40,2,1,3,1,2,1,308
706,2003,41,1,3,5,2,2,1,118
707,2006,41,2,1,4,2,2,1,115
708,2009,36,2,1,3,1,2,2,69
709,2003,34,2,2,3,2,1,2,347
710,2004,24,1,1,3,2,2,2,121
711,2008,44,2,1,4,1,2,1,189
712,2007,33,2,2,4,2,2,2,329
713,2007,25,1,1,2,1,2,1,144
714,2005,40,2,1,2,1,2,2,221
715,2007,48,1,3,2,1,2,2,275
716,2005,56,2,1,2,1,1,2,318
717,2005,25,1,1,4,1,2,2,159
718,2005,44,2,1,4,1,2,1,297
719,2003,27,1,1,3,2,2,1,61
720,2006,58,2,1,1,1,1,1,307
721,2008,52,4,2,4,2,2,1,145
722,2007,60,1,1,5,1,1,1,133
723,2008,39,2,1,3,2,2,1,20
724,2004,51,2,1,4,1,2,1,83
725,2007,31,1,1,3,2,2,1,187
726,2005,45,3,1,2,1,2,2,341
727,2005,43,1,1,4,2,2,1,250
728,2008,45,2,1,4,1,2,1,82
729,2004,40,2,1,3,2,2,1,26
730,2008,46,2,1,2,1,2,1,249
731,2009,51,2,1,5,2,2,1,182
732,2006,47,4,1,4,2,2,1,13
733,2004,52,2,1,5,2,2,1,31
734,2003,31,4,1,2,2,2,1,239
735,2007,40,2,2,4,2,2,1,306
736,2009,26,1,1,4,2,2,1,329
737,2004,49,2,1,2,1,2,2,347
738,2009,38,4,1,3,1,1,2,71
739,2005,50,2,4,1,2,1,2,48
740,2006,63,2,1,3,1,2,1,344
741,2008,35,2,1,1,1,2,2,183
742,2008,29,1,1,2,2,2,2,227
743,2008,33,2,1,2,1,1,1,322
744,2007,29,2,1,2,1,2,2,317
745,2007,62,4,1,4,2,2,1,98
746,2008,45,2,1,5,2,2,1,247
747,2003,56,2,1,1,1,2,1,284
748,2003,58,2,1,1,1,1,2,247
749,2007,39,2,1,5,1,2,1,193
750,2005,49,2,1,3,1,2,1,336
751,2004,24,1,1,4,2,2,2,203
752,2003,61,4,1,2,1,2,1,328
753,2008,58,2,1,4,1,2,1,118
754,2009,47,2,3,3,2,2,2,214
755,2004,41,5,1,4,2,2,1,61
756,2008,71,2,1,1,2,1,1,296
757,2006,47,2,1,3,1,2,1,204
758,2005,38,2,1,4,1,1,1,301
759,2005,31,1,1,4,1,2,1,27
760,2007,56,2,3,4,2,2,1,220
761,2006,44,1,1,4,2,2,1,199
762,2003,33,2,1,4,2,2,1,200
763,2005,36,1,1,4,1,2,2,224
764,2006,31,2,1,4,2,2,1,220
765,2004,55,2,1,3,2,2,1,89
766,2005,48,2,1,4,2,2,2,179
767,2005,50,2,1,3,2,2,1,199
768,2006,42,2,1,4,2,2,2,85
769,2008,25,1,1,3,2,2,1,241
770,2008,55,2,1,2,1,1,1,238
771,2004,28,1,1,5,1,2,1,79
772,2003,30,2,4,1,2,1,2,73
773,2008,46,1,2,4,1,2,1,114
774,2004,48,4,1,5,2,1,1,51
775,2006,42,4,1,3,1,2,1,39
776,2008,23,2,1,4,1,2,2,203
777,2003,60,2,1,5,1,2,2,288
778,2008,34,2,2,1,2,2,1,314
779,2003,45,2,1,4,1,2,1,99
780,2007,28,1,1,3,1,1,2,130
781,2004,33,2,1,5,2,2,1,299
782,2008,58,2,1,2,2,2,1,293
783,2008,47,2,1,5,2,2,1,108
784,2003,24,1,1,3,1,2,2,67
785,2008,56,2,1,4,1,2,2,156
786,2004,56,2,1,4,1,2,1,159
787,2005,23,1,4,4,2,1,1,12
788,2003,56,2,1,5,2,1,1,350
789,2003,45,2,1,4,2,2,1,110
790,2009,58,2,1,3,2,2,1,30
791,2007,30,2,3,5,2,2,1,220
792,2009,46,2,1,5,1,2,2,299
793,2004,48,2,1,5,1,2,1,220
794,2006,50,4,1,2,1,1,1,93
795,2008,43,1,1,4,2,2,1,169
796,2006,37,2,1,1,1,2,2,299
797,2003,49,4,1,3,2,2,2,263
798,2009,31,2,3,4,2,2,1,18
799,2009,54,2,3,2,1,2,1,34
800,2007,52,2,1,4,2,2,1,153
801,2003,70,2,1,2,1,1,2,246
802,2005,30,2,1,5,2,2,1,103
803,2006,44,2,1,2,1,2,1,217
804,2003,34,2,3,4,2,2,1,10
805,2007,38,2,1,2,1,2,2,144
806,2006,28,5,1,1,1,1,1,246
807,2005,38,2,1,3,1,2,1,203
808,2003,39,2,1,2,1,1,2,82
809,2008,52,1,1,4,2,1,1,210
810,2004,34,1,1,4,1,2,1,293
811,2003,33,2,1,4,2,2,1,203
812,2007,45,2,1,4,1,1,1,159
813,2006,58,2,1,2,1,1,2,235
814,2003,38,2,1,2,1,2,2,301
815,2007,63,2,1,4,1,1,2,216
816,2007,38,2,1,5,2,2,1,41
817,2007,31,2,1,3,1,2,2,110
818,2007,53,2,1,4,2,2,1,219
819,2009,21,1,2,2,2,1,1,40
820,2006,38,2,1,4,2,2,1,210
821,2004,18,1,1,1,1,1,1,239
822,2008,28,1,1,3,1,2,1,251
823,2003,33,1,1,4,2,2,1,159
824,2004,32,2,1,3,1,2,2,109
825,2009,29,1,1,2,2,2,1,335
826,2005,28,2,1,1,1,1,1,319
827,2005,42,2,1,5,2,2,1,58
828,2007,28,3,1,1,2,1,2,247
829,2009,36,2,1,5,2,2,1,327
830,2007,47,2,1,2,2,2,1,83
831,2007,53,2,1,5,2,2,1,50
832,2003,48,2,1,5,2,2,1,223
833,2006,36,2,1,5,1,2,1,177
834,2007,55,2,1,3,2,2,1,258
835,2008,37,2,1,1,1,1,2,224
836,2009,68,2,1,4,2,1,1,312
837,2003,65,2,4,2,1,2,2,153
838,2007,37,1,1,4,2,2,2,77
839,2007,33,2,1,4,2,2,1,43
840,2003,19,1,1,2,2,2,2,13
841,2004,50,2,1,4,2,2,1,20
842,2004,22,1,1,3,1,1,2,236
843,2004,40,2,1,3,2,2,1,162
844,2008,45,2,1,3,1,2,2,245
845,2009,36,2,1,5,1,2,2,187
846,2005,37,2,3,1,1,2,2,28
847,2003,24,1,1,2,1,1,2,277
848,2007,66,2,2,1,2,2,1,287
849,2004,35,2,3,1,1,1,2,237
850,2009,33,1,1,4,2,2,1,308
851,2005,44,2,1,3,1,1,1,147
852,2004,48,1,1,3,2,2,1,126
853,2009,47,2,1,2,2,2,2,208
854,2004,41,2,1,3,1,2,1,297
855,2005,55,2,1,4,2,2,1,226
856,2008,74,4,2,5,2,2,2,192
857,2007,33,1,1,4,2,2,1,265
858,2003,62,2,1,5,2,1,1,274
859,2004,56,4,1,2,1,1,1,89
860,2006,29,1,1,5,2,2,1,242
861,2009,56,1,2,1,2,1,2,348
862,2009,47,2,2,5,2,2,1,130
863,2005,45,2,1,2,2,2,1,114
864,2007,44,2,1,4,2,2,1,174
865,2004,25,1,1,4,2,2,1,37
866,2005,45,4,2,3,2,2,2,329
867,2005,40,2,1,4,2,2,1,135
868,2003,56,2,1,2,2,1,1,181
869,2005,56,2,3,3,2,2,1,55
870,2003,47,2,3,4,1,2,1,168
871,2007,39,2,1,2,1,2,1,185
872,2005,38,2,1,3,2,2,1,65
873,2009,48,2,1,2,1,2,2,54
874,2005,44,2,2,2,1,1,2,337
875,2003,42,2,1,5,2,2,2,301
876,2009,55,2,1,2,1,2,1,231
877,2006,61,1,1,5,1,2,2,14
878,2006,39,2,1,2,1,1,1,228
879,2005,30,2,2,3,1,2,2,168
880,2009,49,4,1,2,1,1,1,242
881,2006,33,2,1,4,2,2,1,185
882,2006,31,2,1,1,1,1,2,306
883,2005,35,1,3,2,1,2,1,17
884,2003,55,2,1,2,1,2,1,42
885,2008,36,2,1,2,1,2,1,252
886,2003,37,2,1,2,1,2,2,233
887,2006,33,2,1,2,1,2,1,225
888,2006,48,2,1,2,1,1,1,166
889,2004,47,2,3,3,1,2,1,157
890,2003,60,2,1,3,2,1,1,304
891,2004,28,1,1,4,2,1,1,58
892,2005,28,2,1,3,2,2,1,154
893,2005,48,2,1,4,2,2,1,84
894,2009,29,2,1,5,2,2,2,163
895,2004,40,1,1,2,1,1,1,319
896,2009,32,1,1,5,2,2,1,111
897,2004,33,4,1,2,2,2,2,141
898,2003,40,4,1,2,1,2,1,103
899,2004,42,2,1,3,1,2,1,283
900,2003,36,2,1,2,1,2,2,187
901,2004,39,2,2,1,1,1,2,262
902,2009,44,2,1,5,2,2,1,117
903,2009,43,2,1,2,1,2,2,243
904,2008,44,2,1,1,1,2,1,306
905,2006,29,2,3,5,2,2,1,103
906,2007,49,2,2,3,2,2,1,194
907,2007,47,2,2,3,2,2,1,187
908,2004,46,2,3,5,2,2,1,108
909,2006,41,4,1,1,1,2,1,71
910,2008,52,2,1,2,2,1,2,346
911,2003,43,4,1,2,2,2,1,341
912,2004,38,2,1,5,2,2,1,246
913,2003,42,2,1,3,2,2,1,301
914,2005,56,2,2,4,1,2,2,349
915,2003,39,2,1,2,1,2,1,278
916,2005,29,2,2,3,2,2,1,203
917,2009,33,2,1,5,2,2,1,232
918,2004,33,2,1,2,1,2,2,152
919,2004,41,2,1,2,2,2,2,18
920,2004,44,1,2,1,2,1,1,38
921,2005,45,2,1,5,2,2,1,106
922,2004,58,2,1,2,2,2,1,67
923,2005,29,2,1,3,1,2,1,183
924,2004,42,4,1,2,1,2,2,180
925,2008,68,2,1,2,1,2,1,220
926,2005,47,2,1,5,2,1,1,151
927,2005,30,2,2,4,2,2,2,282
928,2005,39,2,1,1,2,2,2,10
929,2008,42,2,1,4,1,2,1,245
930,2006,49,2,1,3,1,2,1,214
931,2009,36,1,1,2,1,1,1,188
932,2003,44,2,3,2,2,1,1,156
933,2009,54,2,1,2,2,2,1,322
934,2003,42,2,1,2,1,1,1,80
935,2003,39,2,1,4,1,2,1,111
936,2008,30,2,3,2,2,2,2,75
937,2004,33,1,2,2,2,2,2,264
938,2003,28,2,1,2,2,2,1,289
939,2003,38,2,1,2,1,2,1,174
940,2005,30,2,4,3,1,2,1,325
941,2008,25,1,1,5,1,2,1,284
942,2007,52,2,2,2,2,2,1,164
943,2007,26,2,1,2,1,1,2,221
944,2009,54,2,1,4,1,2,1,234
945,2005,62,2,1,4,2,2,2,162
946,2009,57,2,3,5,2,1,1,148
947,2003,32,2,1,4,1,2,1,87
948,2003,60,2,1,2,1,2,1,43
949,2004,40,2,1,4,2,2,1,291
950,2005,49,2,1,2,1,2,2,96
951,2006,54,2,1,4,1,2,1,72
952,2009,48,1,1,5,2,2,1,47
953,2009,35,1,1,1,1,2,1,153
954,2009,46,4,1,2,2,1,1,246
955,2007,42,2,1,2,1,2,1,218
956,2004,58,2,1,4,2,2,1,22
957,2003,30,1,1,4,2,2,1,47
958,2008,27,1,1,2,1,2,1,149
959,2008,55,2,1,1,1,2,1,22
960,2004,50,2,1,2,1,2,2,282
961,2006,55,4,1,2,1,1,1,13
962,2006,40,2,1,3,1,2,1,200
963,2005,32,2,1,2,2,1,2,87
964,2006,27,2,1,2,1,1,1,326
965,2007,49,2,1,3,2,2,1,271
966,2007,50,2,1,4,2,1,1,189
967,2006,50,2,1,1,1,1,1,50
968,2008,44,2,1,5,2,2,1,184
969,2007,57,2,3,5,2,1,1,127
970,2008,72,2,2,5,1,1,2,214
971,2006,23,1,1,1,1,1,2,159
972,2007,31,1,1,5,2,2,1,60
973,2008,36,2,1,2,2,2,2,28
974,2009,63,2,2,3,1,2,1,29
975,2006,48,2,1,1,1,1,2,285
976,2005,46,2,1,4,1,2,2,180
977,2003,55,2,1,4,1,2,1,168
978,2007,44,2,1,5,2,2,1,21
979,2006,44,2,1,3,1,2,1,214
980,2004,32,2,4,1,1,1,2,109
981,2003,60,2,1,1,1,2,1,107
982,2004,42,2,1,5,2,2,1,277
983,2009,48,2,2,5,2,2,1,146
984,2008,36,2,1,1,1,2,2,250
985,2009,31,2,1,2,1,1,1,173
986,2006,54,2,1,2,2,2,1,13
987,2007,29,2,1,3,1,2,1,263
988,2003,46,4,1,3,1,2,2,210
989,2003,35,4,1,2,1,2,2,153
990,2009,50,2,1,1,2,1,1,275
991,2005,25,2,1,3,1,2,1,141
992,2005,33,1,1,3,2,1,2,157
993,2008,34,2,1,2,1,2,1,125
994,2006,51,2,2,2,1,1,1,219
995,2004,33,2,1,2,1,2,1,133
996,2007,59,2,1,3,2,2,1,45
997,2006,62,5,2,1,1,2,1,57
998,2005,28,5,1,2,1,2,1,173
999,2008,40,2,1,3,2,1,1,220
1000,2003,52,2,1,5,1,2,1,175
1001,2007,29,2,1,2,1,2,2,37
1002,2007,34,2,1,1,1,2,1,28
1003,2004,25,1,1,2,1,2,2,225
1004,2005,66,2,1,4,1,2,1,55
1005,2005,43,2,1,2,2,1,1,48
1006,2007,45,2,2,2,2,2,2,160
1007,2006,35,2,1,5,2,2,1,226
1008,2005,43,2,1,2,2,2,1,206
1009,2007,49,2,1,4,2,2,1,172
1010,2004,60,1,2,1,2,1,1,90
1011,2003,46,2,1,2,2,2,2,305
1012,2009,55,2,1,2,1,2,1,270
1013,2006,32,2,1,3,1,2,1,16
1014,2007,53,2,1,2,1,2,2,101
1015,2009,57,2,1,4,2,2,1,170
1016,2007,51,2,1,5,2,1,1,180
1017,2004,59,2,1,5,2,2,1,105
1018,2006,45,2,1,3,2,1,1,82
1019,2006,56,1,1,2,1,1,1,39
1020,2005,30,2,1,2,1,2,1,249
1021,2006,21,1,1,2,1,2,2,347
1022,2003,60,2,1,4,1,2,1,171
1023,2007,60,2,1,2,2,2,1,56
1024,2007,48,4,1,1,1,2,1,122
1025,2003,39,4,1,4,2,2,2,40
1026,2009,32,1,1,3,2,2,1,179
1027,2007,51,2,2,5,2,2,1,158
1028,2006,47,2,1,4,1,2,2,87
1029,2007,44,2,1,2,2,1,1,342
1030,2008,46,2,1,2,1,2,1,27
1031,2004,28,1,1,4,1,2,1,252
1032,2003,24,1,1,4,2,2,2,29
1033,2006,37,2,1,2,1,2,2,46
1034,2006,31,2,1,2,1,2,1,127
1035,2004,72,2,1,2,2,1,1,74
1036,2008,50,2,1,3,1,1,1,84
1037,2007,36,2,1,3,1,2,1,278
1038,2006,27,1,2,2,1,2,1,290
1039,2009,27,2,1,3,1,2,1,280
1040,2004,41,2,1,4,1,2,2,99
1041,2008,20,1,1,3,2,2,2,30
1042,2008,49,2,2,2,1,2,1,235
1043,2007,25,1,1,2,1,2,1,19
1044,2006,41,2,3,1,1,1,1,36
1045,2009,53,1,1,2,1,1,1,326
1046,2009,45,2,1,4,1,1,2,179
1047,2003,32,2,1,1,1,2,2,207
1048,2005,47,2,1,3,2,2,1,81
1049,2003,26,2,1,2,1,2,1,251
1050,2009,31,2,2,3,2,2,1,236
1051,2007,32,2,3,5,2,2,1,320
1052,2006,50,4,1,5,2,2,1,248
1053,2007,46,2,1,2,1,2,1,57
1054,2006,47,2,1,5,2,2,1,25
1055,2005,55,2,1,3,1,1,1,20
1056,2005,49,2,1,4,1,2,1,87
1057,2004,25,2,1,2,1,2,1,194
1058,2008,60,2,1,2,2,2,2,168
1059,2008,62,2,1,2,1,2,1,165
1060,2003,63,5,2,2,2,2,1,186
1061,2004,31,1,1,5,2,2,1,185
1062,2006,29,2,1,4,1,2,1,67
1063,2008,51,2,1,2,1,2,1,205
1064,2007,28,2,3,2,1,2,2,221
1065,2005,36,1,1,3,2,1,1,184
1066,2007,28,1,1,3,2,2,1,269
1067,2004,38,2,1,4,2,2,1,295
1068,2008,35,2,1,3,1,2,1,112
1069,2005,46,4,1,3,1,2,1,209
1070,2007,37,2,1,3,2,2,2,225
1071,2005,41,4,2,3,2,2,1,202
1072,2006,59,2,2,3,1,1,2,229
1073,2006,51,2,1,3,1,1,2,110
1074,2006,26,1,2,2,1,2,1,211
1075,2003,34,2,2,3,1,2,1,256
1076,2004,32,2,1,2,2,2,1,86
1077,2007,23,1,1,3,1,2,1,39
1078,2004,50,2,1,2,2,2,1,112
1079,2009,25,1,1,1,1,2,1,157
1080,2004,43,2,1,2,1,2,1,281
1081,2009,36,2,2,3,1,2,1,339
1082,2006,50,2,1,2,2,1,2,126
1083,2006,34,5,2,2,2,2,1,178
1084,2005,34,1,1,2,1,2,2,46
1085,2005,55,2,3,5,2,2,1,141
1086,2003,39,2,2,2,1,1,2,188
1087,2004,40,2,1,1,1,1,1,123
1088,2005,32,2,1,3,2,1,1,326
1089,2006,63,2,1,2,2,1,1,346
1090,2004,38,1,1,2,1,2,2,278
1091,2008,67,2,3,2,1,1,2,161
1092,2005,39,2,1,2,1,2,1,181
1093,2003,31,2,3,2,1,1,2,335
1094,2006,41,1,1,3,2,2,1,16
1095,2003,47,2,1,1,1,2,1,52
1096,2009,61,2,1,2,1,2,1,169
1097,2005,61,2,1,5,1,2,1,275
1098,2008,21,2,4,2,1,2,2,337
1099,2004,22,1,1,4,1,1,2,271
1100,2003,53,2,1,4,1,2,1,134
1101,2004,47,2,1,4,1,2,2,212
1102,2005,36,2,1,3,1,2,1,123
1103,2007,36,1,1,2,1,2,2,13
1104,2005,42,2,1,2,1,2,1,313
1105,2004,54,4,1,3,1,2,2,324
1106,2004,27,2,1,3,1,1,1,260
1107,2004,36,2,1,2,1,2,1,48
1108,2006,35,1,1,2,2,1,2,12
1109,2003,60,2,1,2,1,2,1,22
1110,2005,42,5,1,2,1,1,1,195
1111,2008,41,2,2,5,2,2,1,284
1112,2004,35,1,2,3,1,1,1,10
1113,2006,34,1,2,5,2,2,1,311
1114,2007,22,1,1,2,1,1,1,111
1115,2007,47,2,1,2,1,2,2,46
1116,2004,59,2,1,2,1,2,1,102
1117,2007,29,1,1,3,2,2,1,290
1118,2006,32,1,1,1,2,2,1,160
1119,2003,49,2,1,4,1,2,1,78
1120,2009,30,1,1,3,2,2,1,286
1121,2003,33,1,3,2,1,1,1,88
1122,2007,51,2,1,2,1,1,1,229
1123,2003,37,2,1,2,1,2,2,116
1124,2003,46,2,1,3,1,2,1,73
1125,2007,63,2,1,5,2,2,1,235
1126,2005,41,2,1,2,1,2,2,158
1127,2005,40,2,1,2,1,1,1,233
1128,2007,46,2,1,5,2,2,1,160
1129,2005,45,4,1,2,2,2,1,145
1130,2008,48,1,1,4,1,2,1,154
1131,2007,28,2,1,3,2,2,2,285
1132,2009,65,4,2,2,1,1,2,348
1133,2005,50,1,1,2,1,2,2,267
1134,2008,53,2,1,2,1,2,2,288
1135,2007,48,2,3,2,1,2,2,310
1136,2003,30,2,1,3,2,2,2,240
1137,2006,37,2,1,2,2,2,1,198
1138,2004,51,2,1,4,2,2,1,348
1139,2008,55,2,1,5,2,2,1,243
1140,2004,35,2,1,2,2,2,1,210
1141,2006,33,2,1,2,1,2,1,193
1142,2008,41,4,1,4,2,1,1,176
1143,2003,34,2,1,5,2,2,1,211
1144,2006,33,2,1,2,1,2,2,154
1145,2008,49,1,1,1,1,2,1,278
1146,2006,62,2,1,5,2,2,1,248
1147,2004,31,1,2,1,2,1,1,247
1148,2007,43,4,1,1,2,2,2,217
1149,2008,43,2,2,4,2,2,1,57
1150,2004,43,1,1,3,2,2,1,315
1151,2009,48,2,1,4,2,1,2,153
1152,2003,48,2,1,2,2,2,2,136
1153,2007,50,2,1,4,2,2,1,193
1154,2009,29,1,3,4,2,2,2,260
1155,2004,52,2,1,3,2,2,2,199
1156,2004,46,1,1,2,2,2,2,78
1157,2005,40,1,1,2,1,2,1,68
1158,2004,43,2,1,2,1,1,1,81
1159,2006,54,2,1,2,1,2,1,229
1160,2006,38,1,1,5,2,2,1,204
1161,2004,32,2,1,3,1,1,2,226
1162,2008,28,1,3,4,2,2,1,163
1163,2005,33,1,1,5,1,2,1,201
1164,2004,44,2,1,5,1,2,2,142
1165,2006,41,2,1,2,2,1,2,101
1166,2005,31,1,1,1,1,1,2,161
1167,2007,48,4,1,4,2,2,1,32
1168,2007,50,2,2,4,1,1,2,289
1169,2004,47,2,1,4,1,2,1,159
1170,2004,31,2,2,2,1,1,2,265
1171,2008,40,2,1,2,1,1,1,148
1172,2009,54,4,1,3,1,1,2,343
1173,2004,24,1,2,2,2,2,1,91
1174,2005,34,2,1,2,2,2,1,349
1175,2003,65,2,1,4,2,2,1,146
1176,2007,28,2,1,2,1,1,1,18
1177,2008,30,5,1,2,2,1,1,246
1178,2009,45,2,1,3,1,2,2,42
1179,2008,35,5,1,4,2,2,1,226
1180,2005,46,2,4,5,2,2,1,294
1181,2003,47,2,1,2,1,2,2,347
1182,2008,71,2,1,2,1,1,2,28
1183,2003,39,2,1,3,2,2,1,79
1184,2009,41,1,1,1,1,1,2,190
1185,2007,33,2,1,2,1,2,1,279
1186,2009,76,4,1,5,2,2,1,269
1187,2009,20,1,1,2,1,2,1,259
1188,2006,34,2,1,5,2,2,1,337
1189,2003,26,1,1,4,2,2,1,341
1190,2006,51,2,1,4,2,2,1,137
1191,2003,25,2,1,1,1,2,1,190
1192,2006,62,2,1,3,1,2,1,216
1193,2006,37,2,1,4,1,2,1,291
1194,2009,37,1,2,3,1,2,1,41
1195,2007,32,2,1,3,1,2,2,349
1196,2007,55,2,1,3,1,2,1,41
1197,2009,36,2,1,1,1,2,2,192
1198,2006,39,2,1,2,1,2,1,30
1199,2004,46,2,1,4,2,2,1,321
1200,2007,48,2,1,4,2,1,2,342
1201,2005,34,4,1,4,2,2,1,286
1202,2004,39,2,1,3,2,1,2,119
1203,2005,50,2,1,5,1,1,2,334
1204,2006,54,2,1,3,2,2,1,26
1205,2007,60,2,1,4,1,1,1,118
1206,2007,48,1,1,5,2,2,1,130
1207,2007,47,2,1,4,1,2,2,35
1208,2004,20,1,1,2,1,2,2,13
1209,2003,60,2,1,2,1,1,1,162
1210,2003,37,1,1,4,2,2,1,251
1211,2003,46,2,1,4,2,2,1,298
1212,2003,54,2,1,3,2,1,1,159
1213,2006,51,2,1,4,2,1,1,270
1214,2009,32,1,2,2,1,2,1,27
1215,2006,35,2,1,4,2,2,1,340
1216,2003,46,2,1,2,2,2,1,198
1217,2008,38,2,2,1,1,2,1,286
1218,2005,62,2,2,2,2,1,1,248
1219,2003,47,2,1,2,1,2,1,185
1220,2003,28,2,3,5,1,1,2,276
1221,2007,61,2,1,4,2,2,1,35
1222,2003,26,1,1,4,2,1,1,24
1223,2006,49,2,1,2,1,2,1,142
1224,2009,28,2,1,2,2,1,1,316
1225,2003,61,2,1,2,2,1,1,55
1226,2003,42,2,1,4,2,2,1,140
1227,2009,31,2,1,5,1,2,1,348
1228,2009,50,2,1,2,2,2,1,238
1229,2005,44,2,1,1,1,1,2,161
1230,2007,46,2,2,2,2,2,1,318
1231,2006,54,2,1,2,1,2,1,230
1232,2003,40,4,1,2,2,2,1,96
1233,2005,38,2,1,2,1,1,2,86
1234,2006,43,2,1,5,2,2,1,214
1235,2009,43,1,2,2,1,1,1,113
1236,2004,30,2,1,3,2,2,1,194
1237,2005,58,2,1,5,2,1,1,334
1238,2007,60,2,3,4,1,1,1,138
1239,2004,45,2,1,5,1,1,1,198
1240,2008,47,2,1,4,2,2,1,146
1241,2005,47,2,1,1,1,2,2,39
1242,2003,59,4,1,3,2,2,1,146
1243,2006,36,2,1,3,2,2,2,295
1244,2008,39,1,1,5,2,2,1,300
1245,2004,40,2,3,1,2,1,2,163
1246,2003,42,2,1,2,2,2,1,285
1247,2009,29,1,1,5,2,2,2,148
1248,2005,38,2,1,4,2,2,1,98
1249,2003,58,2,2,3,1,1,1,183
1250,2004,18,1,1,2,1,2,2,323
1251,2004,35,2,1,4,1,2,1,24
1252,2008,30,2,3,5,2,1,2,208
1253,2003,48,2,1,3,1,1,2,337
1254,2004,27,2,1,4,1,2,1,157
1255,2005,40,2,1,3,2,2,1,174
1256,2007,34,2,1,5,2,2,2,42
1257,2004,54,2,1,2,2,2,1,288
1258,2006,20,1,2,2,2,2,1,171
1259,2005,50,2,1,2,1,2,1,271
1260,2009,42,2,1,5,2,2,1,98
1261,2008,45,2,2,3,2,1,1,138
1262,2003,59,2,1,3,1,2,2,150
1263,2003,44,2,1,1,1,1,1,185
1264,2005,67,4,1,4,2,2,2,215
1265,2007,26,1,2,4,1,2,1,13
1266,2007,40,2,1,5,2,2,1,288
1267,2004,42,2,1,2,1,2,1,59
1268,2005,22,1,1,2,1,2,1,338
1269,2005,43,2,1,3,1,2,2,76
1270,2004,34,1,1,2,2,1,2,247
1271,2004,44,4,2,2,2,1,1,133
1272,2003,53,2,1,3,1,1,1,106
1273,2003,54,2,1,5,2,1,1,43
1274,2008,55,2,1,4,2,1,1,78
1275,2009,30,1,3,5,1,2,1,56
1276,2004,48,2,1,5,2,2,1,196
1277,2003,48,2,1,2,1,2,1,12
1278,2008,30,2,3,5,2,2,2,194
1279,2006,38,4,1,3,1,2,1,285
1280,2005,25,2,1,3,1,2,1,185
1281,2009,59,3,2,2,2,1,1,166
1282,2004,38,2,1,5,2,1,2,300
1283,2003,40,2,1,4,2,2,1,43
1284,2007,36,2,1,5,2,2,1,153
1285,2008,60,2,1,4,1,2,1,106
1286,2005,40,2,3,4,2,2,2,207
1287,2003,28,2,1,3,2,2,1,186
1288,2004,34,2,3,5,1,2,1,43
1289,2008,39,2,1,4,1,2,1,27
1290,2005,26,2,1,2,1,2,2,107
1291,2004,28,1,1,2,2,2,1,132
1292,2004,27,1,1,4,2,2,1,156
1293,2008,34,2,1,2,1,2,1,248
1294,2009,38,2,2,2,2,1,1,308
1295,2005,51,2,1,4,2,2,1,20
1296,2008,58,4,1,3,1,2,1,252
1297,2004,42,2,1,4,1,1,1,246
1298,2005,32,1,2,3,2,1,1,70
1299,2006,27,2,1,4,2,1,1,239
1300,2009,51,1,1,4,1,2,1,312
1301,2009,50,2,2,2,2,2,1,307
1302,2009,25,1,3,4,2,2,1,21
1303,2006,60,2,2,2,1,1,2,68
1304,2004,62,2,1,3,2,1,1,340
1305,2006,53,2,1,3,1,2,1,89
1306,2009,39,2,1,4,2,2,1,114
1307,2003,23,1,1,3,2,2,2,186
1308,2008,47,2,1,5,2,2,2,92
1309,2009,32,1,1,4,2,2,1,298
1310,2003,57,2,1,4,2,2,1,120
1311,2005,40,2,2,3,2,2,2,268
1312,2006,57,2,1,3,2,2,1,114
1313,2005,31,2,3,5,1,2,1,69
1314,2005,28,1,1,3,1,1,1,301
1315,2007,58,2,1,2,1,2,1,258
1316,2008,47,2,1,2,2,2,1,166
1317,2003,41,2,1,4,2,2,2,157
1318,2004,53,2,1,2,1,1,1,94
1319,2009,27,2,1,4,2,2,1,200
1320,2003,19,1,2,1,2,2,2,174
1321,2007,47,2,1,4,1,2,2,191
1322,2005,44,5,1,2,1,1,1,323
1323,2006,32,1,1,2,1,2,1,321
1324,2005,23,1,1,2,1,2,2,88
1325,2006,31,2,1,2,1,2,2,280
1326,2004,42,2,1,3,1,2,2,332
1327,2003,50,2,1,5,2,2,1,330
1328,2004,52,2,1,4,2,1,2,175
1329,2003,20,1,1,2,1,2,1,51
1330,2004,33,4,1,2,1,1,2,218
1331,2008,26,1,1,4,2,2,2,137
1332,2004,40,2,3,5,1,2,2,349
1333,2005,29,1,1,2,1,2,2,230
1334,2004,35,1,1,4,2,2,1,195
1335,2009,34,1,1,4,2,2,1,339
1336,2003,37,2,1,4,2,2,1,310
1337,2008,37,2,1,4,2,2,1,299
1338,2003,22,1,1,3,1,2,2,174
1339,2008,39,2,2,2,1,1,2,51
1340,2003,42,2,3,3,1,2,1,247
1341,2006,44,2,1,4,1,2,1,285
1342,2008,45,4,1,1,1,2,1,309
1343,2003,42,2,1,5,2,2,1,11
1344,2009,52,4,1,3,2,2,1,345
1345,2004,27,4,1,3,2,2,1,259
1346,2009,46,2,1,3,2,1,1,260
1347,2007,59,2,1,3,2,1,1,160
1348,2005,52,2,1,2,1,1,2,66
1349,2003,19,1,1,1,1,1,2,344
1350,2003,64,2,1,4,2,1,2,10
1351,2007,38,2,1,5,2,2,1,231
1352,2006,45,5,2,2,2,2,1,184
1353,2008,53,2,1,3,2,2,2,323
1354,2007,28,2,1,2,1,2,2,201
1355,2003,39,2,1,1,1,2,1,263
1356,2008,52,2,1,5,2,1,1,252
1357,2009,41,2,1,1,1,2,2,182
1358,2004,44,2,1,1,1,1,2,243
1359,2005,48,2,1,2,1,2,2,76
1360,2003,47,2,1,2,1,2,1,223
1361,2006,31,1,1,2,1,2,2,111
1362,2005,28,2,1,3,1,2,1,203
1363,2007,45,2,1,4,2,2,1,222
1364,2004,56,3,1,4,1,1,1,331
1365,2004,47,2,1,2,2,1,1,48
1366,2005,41,2,1,2,1,2,2,210
1367,2006,49,2,1,2,1,2,2,290
1368,2009,28,1,1,2,1,1,2,338
1369,2009,19,1,1,3,1,1,2,33
1370,2004,48,2,1,3,2,1,1,332
1371,2003,47,2,1,4,2,2,1,234
1372,2004,57,2,1,4,2,2,1,309
1373,2003,39,2,1,2,2,2,1,290
1374,2004,45,1,2,2,2,1,1,236
1375,2006,52,2,1,1,2,2,1,303
1376,2008,51,2,1,2,1,2,1,199
1377,2009,46,2,1,5,2,2,1,145
1378,2003,45,4,1,4,2,2,1,113
1379,2005,40,2,1,2,1,1,1,255
1380,2008,48,2,1,4,2,2,1,138
1381,2004,47,2,1,3,2,2,1,113
1382,2009,45,2,1,2,2,1,1,135
1383,2005,49,2,2,3,1,2,1,313
1384,2007,57,4,1,3,2,1,1,85
1385,2005,77,2,1,2,2,2,1,327
1386,2005,48,2,3,4,2,1,1,226
1387,2004,56,2,1,5,2,2,1,328
1388,2007,39,2,1,4,2,2,1,158
1389,2003,44,1,1,2,1,1,1,118
1390,2007,49,2,2,3,2,2,1,54
1391,2008,58,2,3,1,2,2,2,31
1392,2005,46,2,1,3,2,1,2,219
1393,2004,39,2,1,4,2,1,1,248
1394,2007,26,2,1,2,2,2,2,243
1395,2003,61,2,1,3,2,1,1,199
1396,2003,62,4,1,3,1,1,1,286
1397,2008,47,2,3,4,1,1,2,102
1398,2003,40,2,1,2,1,2,2,139
1399,2006,35,2,1,1,2,2,2,273
1400,2008,61,2,1,2,1,2,1,126
1401,2003,38,2,1,2,1,1,1,120
1402,2008,18,1,1,2,1,2,2,157
1403,2006,45,2,1,2,1,2,2,84
1404,2009,27,2,2,3,2,2,1,60
1405,2004,22,1,1,3,1,1,1,42
1406,2008,29,2,4,1,2,2,1,37
1407,2006,50,2,1,2,2,2,1,250
1408,2003,25,1,1,3,1,2,1,177
1409,2007,35,2,1,4,2,2,1,140
1410,2004,41,2,1,3,1,2,1,154
1411,2009,38,2,1,4,2,1,1,306
1412,2008,49,2,1,2,2,1,1,243
1413,2004,36,2,1,2,1,2,2,280
1414,2005,66,1,2,2,2,2,1,268
1415,2003,23,1,1,1,2,2,2,319
1416,2004,28,2,1,5,2,2,1,256
1417,2007,42,2,1,3,1,2,1,143
1418,2007,20,1,1,2,1,2,2,296
1419,2009,37,2,1,4,2,2,1,64
1420,2009,58,2,1,2,2,1,2,252
1421,2004,45,2,1,5,1,2,1,341
1422,2006,64,2,1,3,2,2,1,85
1423,2009,45,2,1,2,1,1,1,120
1424,2007,52,4,1,3,2,1,1,238
1425,2005,42,2,1,4,2,2,2,318
1426,2005,32,2,1,2,1,2,1,310
1427,2009,40,5,1,1,1,2,2,173
1428,2005,55,2,1,4,2,1,1,70
1429,2004,46,2,1,4,2,2,1,98
1430,2008,55,5,1,1,1,2,2,96
1431,2003,53,1,1,4,2,2,1,186
1432,2005,33,2,3,4,1,2,1,209
1433,2006,45,2,1,1,1,1,1,243
1434,2006,54,2,1,2,2,2,1,261
1435,2004,32,2,1,4,2,2,1,260
1436,2005,42,2,1,4,1,2,2,275
1437,2004,35,2,1,5,2,2,1,288
1438,2004,54,2,1,2,1,2,2,159
1439,2003,38,2,1,3,2,1,1,102
1440,2004,31,1,1,4,2,2,1,77
1441,2003,41,2,1,3,1,2,1,304
1442,2005,45,2,1,4,1,2,1,57
1443,2003,49,2,1,2,1,2,1,311
1444,2004,50,2,1,3,1,2,1,233
1445,2003,40,1,1,2,1,1,1,315
1446,2003,29,2,2,2,1,1,1,279
1447,2006,25,1,1,3,1,1,2,139
1448,2004,32,2,1,2,1,2,2,108
1449,2007,51,2,1,2,2,2,1,225
1450,2008,29,2,1,3,1,2,2,193
1451,2005,32,2,1,3,2,2,1,10
1452,2008,42,2,1,3,1,2,1,215
1453,2005,59,2,1,2,2,2,1,268
1454,2003,31,2,1,4,1,1,2,121
1455,2006,29,2,1,3,2,1,2,102
1456,2006,52,1,1,2,1,1,1,236
1457,2006,35,2,1,2,1,1,2,80
1458,2008,28,1,1,1,1,1,1,266
1459,2006,50,2,1,4,1,2,2,296
1460,2004,49,4,1,2,1,1,2,169
1461,2009,39,2,1,2,2,1,2,12
1462,2003,26,1,4,4,2,2,2,132
1463,2003,31,1,2,3,2,2,1,28
1464,2007,50,1,1,2,1,1,2,245
1465,2009,62,2,1,5,2,2,1,42
1466,2004,35,2,1,3,1,2,2,278
1467,2005,22,1,2,3,2,2,2,169
1468,2003,55,1,1,5,2,2,1,321
1469,2006,63,2,1,3,2,1,1,86
1470,2004,63,4,1,2,2,2,2,261
1471,2008,39,2,1,4,1,1,1,47
1472,2003,28,2,1,1,2,2,2,40
1473,2006,43,2,1,4,2,2,1,309
1474,2006,58,2,2,1,1,2,1,349
1475,2007,38,2,1,5,2,2,1,264
1476,2004,49,2,2,3,1,2,1,274
1477,2003,62,2,1,3,2,1,2,277
1478,2004,36,2,1,3,2,1,1,52
1479,2004,54,4,1,4,1,2,2,32
1480,2005,26,2,1,2,2,2,1,152
1481,2009,46,2,3,5,2,2,1,235
1482,2006,58,4,1,3,1,2,1,32
1483,2005,22,1,1,3,2,2,1,16
1484,2005,58,2,1,5,1,2,2,153
1485,2008,63,2,1,4,1,2,2,143
1486,2007,67,2,2,1,2,2,1,109
1487,2008,44,2,1,2,1,2,1,38
1488,2003,51,2,1,4,1,2,1,213
1489,2003,46,2,1,2,1,2,2,25
1490,2007,43,2,1,1,1,2,2,325
1491,2004,40,2,1,3,1,2,2,32
1492,2008,31,1,1,3,1,2,1,27
1493,2007,41,2,1,5,2,2,1,106
1494,2008,21,1,2,2,1,2,2,50
1495,2008,51,2,1,3,2,2,2,262
1496,2003,43,5,2,3,2,2,1,139
1497,2004,34,2,1,3,2,2,1,319
1498,2008,45,2,1,3,1,2,1,81
1499,2008,35,2,3,1,1,2,2,109
1500,2004,33,2,1,2,2,2,1,55
1501,2003,46,2,2,2,1,2,1,333
1502,2003,38,1,2,1,1,2,1,147
1503,2004,44,1,2,4,2,1,1,85
1504,2006,50,1,1,2,2,1,1,291
1505,2009,55,2,1,2,2,1,1,145
1506,2009,49,2,1,5,2,1,1,339
1507,2006,47,2,2,5,2,2,1,214
1508,2003,40,2,4,2,2,2,1,72
1509,2003,21,1,1,2,1,2,2,40
1510,2008,60,2,2,1,1,2,2,237
1511,2008,56,1,1,1,2,2,2,214
1512,2004,61,2,1,3,1,1,2,266
1513,2008,44,2,1,5,2,2,1,259
1514,2007,43,4,1,5,1,1,1,221
1515,2005,29,2,1,3,1,1,1,68
1516,2003,38,2,1,4,2,2,2,51
1517,2003,26,1,1,3,1,2,1,320
1518,2006,28,1,4,2,1,2,2,97
1519,2003,38,1,1,4,2,1,1,255
1520,2006,45,4,1,3,1,2,2,336
1521,2004,39,2,1,2,1,2,2,71
1522,2003,33,2,1,2,1,1,1,278
1523,2005,44,2,1,1,1,2,2,12
1524,2006,48,2,1,3,1,2,1,168
1525,2007,45,2,1,2,1,2,1,319
1526,2007,56,2,1,2,1,1,2,265
1527,2009,40,1,1,4,2,2,2,298
1528,2006,71,2,2,1,1,1,2,287
1529,2006,30,2,1,2,1,1,2,336
1530,2004,45,2,1,4,2,2,1,57
1531,2004,41,2,1,2,1,2,1,332
1532,2003,40,2,4,3,2,2,1,319
1533,2004,59,2,1,1,2,1,1,195
1534,2007,46,2,3,1,1,2,2,67
1535,2003,38,1,1,2,1,2,1,260
1536,2007,26,2,1,3,1,2,1,330
1537,2005,53,2,2,2,2,1,1,55
1538,2004,46,4,1,4,2,2,1,124
1539,2007,42,2,1,3,1,2,1,52
1540,2006,28,1,2,3,1,1,2,86
1541,2004,30,1,1,1,1,2,2,10
1542,2008,34,2,3,4,2,2,1,257
1543,2008,46,2,1,4,1,1,2,342
1544,2007,22,1,1,3,1,1,2,259
1545,2007,37,1,1,2,2,2,1,127
1546,2008,27,2,1,3,1,1,1,60
1547,2008,52,2,1,2,2,2,1,301
1548,2008,43,2,1,2,1,1,2,96
1549,2004,52,2,1,2,1,2,1,148
1550,2005,54,1,2,3,2,1,1,206
1551,2007,47,2,1,2,1,1,1,81
1552,2005,21,1,2,3,2,2,1,210
1553,2005,42,2,1,4,2,2,1,134
1554,2003,72,2,1,5,2,1,1,84
1555,2003,38,2,3,2,2,1,1,28
1556,2009,53,2,1,2,1,2,1,102
1557,2006,35,5,1,3,2,2,2,339
1558,2008,60,2,1,2,1,2,1,316
1559,2003,39,2,1,2,2,2,1,38
1560,2005,45,4,2,2,2,1,2,325
1561,2008,61,2,1,2,2,1,1,22
1562,2008,64,4,1,2,2,1,1,20
1563,2004,39,2,3,1,1,2,1,293
1564,2007,46,2,2,3,2,1,1,207
1565,2008,25,1,2,3,2,2,2,77
1566,2003,80,2,1,3,2,2,1,202
1567,2008,51,4,1,3,1,2,1,187
1568,2004,58,2,1,2,1,1,1,122
1569,2009,52,2,1,3,1,2,1,317
1570,2004,45,2,1,5,2,2,1,229
1571,2007,41,1,1,3,1,2,1,199
1572,2004,42,2,1,2,1,1,1,317
1573,2008,31,1,1,3,1,1,1,135
1574,2004,49,4,1,2,2,2,1,191
1575,2009,47,4,1,2,1,1,1,226
1576,2005,39,2,1,2,2,2,1,253
1577,2006,53,2,1,4,2,2,1,242
1578,2003,37,2,1,2,1,1,1,176
1579,2003,52,2,1,4,1,2,1,340
1580,2006,41,2,1,2,1,2,1,39
1581,2006,39,2,3,4,2,2,1,32
1582,2009,63,2,1,5,2,2,1,71
1583,2007,23,1,1,2,1,2,2,239
1584,2004,62,2,2,2,2,2,1,156
1585,2004,43,2,1,5,2,2,1,145
1586,2004,29,1,2,2,1,2,2,257
1587,2004,43,2,3,5,2,2,1,248
1588,2008,34,2,2,4,2,2,2,133
1589,2003,38,2,3,5,2,2,1,223
1590,2005,25,1,1,4,2,2,1,277
1591,2005,64,2,2,2,2,1,1,108
1592,2003,49,2,1,4,1,2,1,235
1593,2009,46,2,1,4,1,2,1,287
1594,2006,30,2,1,5,2,2,1,50
1595,2003,33,1,1,3,1,1,2,92
1596,2007,29,2,1,4,2,2,1,13
1597,2008,32,2,1,2,2,2,1,243
1598,2007,54,2,1,2,2,1,1,269
1599,2005,40,1,2,2,1,1,1,126
1600,2005,24,1,1,4,1,2,1,209
1601,2008,30,5,1,1,1,1,2,148
1602,2009,49,2,1,4,1,2,1,315
1603,2006,47,2,4,2,1,1,1,175
1604,2008,25,1,2,2,1,2,2,274
1605,2007,44,2,1,3,1,2,1,156
1606,2007,41,4,1,1,2,1,1,50
1607,2005,54,5,1,4,1,2,1,176
1608,2009,59,2,1,5,2,2,1,47
1609,2003,25,1,1,2,1,2,2,217
1610,2009,63,2,2,5,1,2,2,165
1611,2009,49,1,1,3,2,2,1,76
1612,2008,35,5,2,3,2,2,1,240
1613,2006,24,1,3,2,1,1,2,226
1614,2003,66,2,1,2,1,1,1,306
1615,2008,57,2,4,1,1,2,2,45
1616,2003,47,2,1,4,2,2,1,21
1617,2006,44,2,1,4,1,1,1,213
1618,2006,56,2,1,4,1,2,1,284
1619,2004,34,2,1,2,2,1,2,145
1620,2006,23,2,1,1,1,2,2,85
1621,2008,30,2,1,4,1,2,1,210
1622,2004,38,2,1,3,1,2,2,243
1623,2004,43,2,2,1,2,2,1,311
1624,2007,58,4,1,3,2,1,1,147
1625,2005,36,2,1,2,1,2,2,283
1626,2007,48,1,1,2,2,1,1,52
1627,2005,35,2,1,2,2,2,1,151
1628,2006,22,1,1,2,2,2,2,176
1629,2007,50,2,1,4,2,2,1,311
1630,2004,58,2,1,1,1,1,2,267
1631,2003,20,1,1,2,2,2,2,35
1632,2007,44,2,1,2,1,2,1,109
1633,2003,50,2,3,4,2,2,1,232
1634,2009,55,2,1,2,1,2,1,200
1635,2003,39,1,1,2,2,2,1,32
1636,2008,32,1,1,4,2,2,1,38
1637,2008,50,2,1,4,2,2,2,241
1638,2009,24,2,1,1,1,2,2,199
1639,2009,53,2,1,3,2,2,1,75
1640,2003,35,2,1,2,2,1,2,108
1641,2003,25,1,1,1,2,2,1,13
1642,2006,24,1,3,4,1,2,1,142
1643,2005,57,5,1,4,1,2,1,338
1644,2005,43,2,1,1,2,1,1,230
1645,2009,33,2,1,3,2,2,1,97
1646,2005,40,2,1,3,2,2,1,33
1647,2008,39,1,1,4,1,2,1,241
1648,2004,32,2,1,5,2,2,1,301
1649,2005,48,4,1,4,2,2,1,307
1650,2004,29,2,1,5,1,2,1,35
1651,2005,35,4,1,4,1,2,1,36
1652,2004,41,2,1,2,1,2,1,167
1653,2009,52,2,1,2,1,2,1,268
1654,2005,50,2,1,2,1,1,2,337
1655,2004,35,2,3,4,2,2,2,304
1656,2007,27,2,1,3,1,2,1,201
1657,2004,57,2,1,5,1,1,1,38
1658,2004,48,2,1,3,2,2,2,105
1659,2009,41,4,2,3,2,1,1,26
1660,2005,59,2,1,5,2,2,1,340
1661,2003,55,2,1,4,2,2,1,21
1662,2005,54,4,1,2,2,1,1,51
1663,2003,34,2,1,5,1,2,1,98
1664,2009,43,1,1,2,2,1,1,244
1665,2003,43,4,2,4,2,2,1,242
1666,2003,62,3,1,1,1,1,2,121
1667,2006,45,1,1,2,2,2,2,272
1668,2004,40,2,1,4,1,2,1,133
1669,2003,33,2,1,2,2,2,1,310
1670,2005,45,2,1,5,2,1,1,338
1671,2009,21,1,1,3,1,2,2,232
1672,2009,54,2,3,1,1,1,2,313
1673,2003,43,2,1,4,1,2,2,129
1674,2004,54,2,1,4,1,1,1,220
1675,2004,35,2,1,1,1,1,1,193
1676,2008,23,1,1,3,1,2,1,216
1677,2006,61,3,1,2,1,2,1,243
1678,2004,51,4,1,4,1,2,1,83
1679,2006,43,2,1,3,1,2,1,167
1680,2003,20,1,1,2,1,2,2,200
1681,2007,51,2,4,3,1,2,1,109
1682,2009,65,2,1,2,2,1,1,193
1683,2009,37,2,1,2,1,2,1,17
1684,2008,24,1,1,2,1,2,2,27
1685,2003,36,2,1,2,1,1,1,180
1686,2005,45,2,1,3,2,2,2,312
1687,2008,33,2,1,5,2,2,1,218
1688,2009,36,4,1,2,1,1,2,208
1689,2004,32,2,1,2,1,2,1,66
1690,2009,45,2,1,2,1,2,1,235
1691,2003,51,2,1,2,1,2,2,198
1692,2005,33,2,1,3,2,2,1,78
1693,2003,47,4,1,3,1,1,1,277
1694,2003,37,2,1,5,2,2,1,287
1695,2008,41,2,1,3,2,1,1,312
1696,2005,23,1,1,2,2,2,2,169
1697,2009,57,2,1,4,1,2,1,57
1698,2006,61,2,1,5,2,2,1,234
1699,2007,47,4,1,3,1,2,1,292
1700,2003,29,2,3,4,2,2,1,16
1701,2005,37,2,1,2,1,2,1,221
1702,2005,57,2,1,2,1,1,1,174
1703,2004,39,1,1,5,2,1,2,320
1704,2007,59,2,1,4,2,2,1,340
1705,2007,31,2,1,4,2,2,1,43
1706,2009,26,1,1,2,1,1,2,162
1707,2009,51,2,1,2,1,2,1,206
1708,2006,38,2,1,2,1,1,2,276
1709,2006,51,2,1,4,2,1,2,236
1710,2004,50,2,1,2,2,2,1,23
1711,2005,32,2,1,5,1,2,1,126
1712,2007,38,2,1,4,2,2,1,336
1713,2005,49,2,1,2,1,2,1,206
1714,2005,40,1,1,3,2,2,1,133
1715,2007,60,2,3,5,2,1,1,12
1716,2007,30,1,1,4,2,2,1,35
1717,2003,41,2,1,4,2,2,1,95
1718,2009,32,1,1,3,2,1,1,220
1719,2009,26,1,1,4,2,2,1,234
1720,2004,41,2,1,3,1,1,1,151
1721,2008,53,2,1,2,1,1,1,105
1722,2005,35,2,1,3,2,2,2,82
1723,2008,50,2,1,2,1,2,1,219
1724,2004,43,2,1,4,2,2,1,31
1725,2003,50,5,1,2,2,1,1,18
1726,2009,19,1,2,2,2,1,2,181
1727,2004,42,2,1,2,1,2,2,190
1728,2007,53,2,3,2,1,2,1,65
1729,2004,22,1,2,3,2,1,2,65
1730,2003,49,2,1,2,1,1,1,132
1731,2005,33,1,1,2,1,2,1,72
1732,2005,31,1,1,2,1,1,1,276
1733,2004,43,2,1,1,1,1,1,296
1734,2009,57,2,1,5,2,2,2,41
1735,2005,40,2,1,5,2,2,1,266
1736,2003,48,2,1,2,2,2,1,329
1737,2004,46,2,1,4,1,2,1,194
1738,2009,58,2,1,4,1,2,1,122
1739,2003,50,2,1,1,1,2,1,255
1740,2005,38,2,1,3,2,2,1,80
1741,2004,33,1,1,5,2,2,1,135
1742,2007,52,2,1,3,2,2,1,31
1743,2004,48,2,1,1,1,1,2,65
1744,2006,53,2,1,5,2,2,2,332
1745,2008,37,1,1,3,2,2,1,155
1746,2007,43,2,1,2,1,2,2,67
1747,2008,54,2,1,3,1,2,1,17
1748,2004,41,2,1,5,2,2,1,240
1749,2005,57,2,1,4,1,1,2,278
1750,2007,54,2,1,5,1,2,1,242
1751,2009,25,4,1,2,1,1,1,40
1752,2003,35,5,1,1,2,2,2,32
1753,2008,29,2,1,3,1,2,1,314
1754,2009,36,2,1,2,1,2,1,250
1755,2005,43,2,1,4,1,1,1,54
1756,2007,41,2,1,4,2,2,1,322
1757,2003,52,2,1,4,1,2,2,80
1758,2005,48,2,1,2,1,1,2,235
1759,2003,51,2,2,2,2,2,2,37
1760,2004,55,2,1,3,2,2,1,136
1761,2004,37,2,1,5,2,2,2,16
1762,2007,48,1,1,3,1,2,1,99
1763,2003,42,2,1,1,1,1,1,61
1764,2007,43,2,1,4,1,2,1,303
1765,2006,32,2,1,2,1,1,2,131
1766,2006,33,1,1,4,1,1,1,318
1767,2003,48,2,1,2,1,2,2,282
1768,2009,20,1,2,3,2,2,2,315
1769,2005,43,2,1,2,1,2,1,90
1770,2003,58,4,2,2,2,1,1,187
1771,2004,38,2,1,3,1,2,1,44
1772,2008,23,1,1,2,2,2,2,215
1773,2009,54,4,1,2,1,1,1,208
1774,2007,66,2,1,5,1,1,1,100
1775,2009,47,2,1,5,2,2,1,197
1776,2003,35,2,1,3,2,1,2,13
1777,2008,39,2,1,2,1,2,1,157
1778,2005,35,1,2,3,2,2,1,205
1779,2006,40,2,1,3,1,2,1,243
1780,2006,41,2,3,2,1,2,1,84
1781,2004,40,2,1,5,2,2,1,96
1782,2006,50,2,2,2,1,1,2,274
1783,2004,35,2,1,2,1,2,1,107
1784,2009,43,2,1,3,1,1,2,59
1785,2005,26,1,1,3,2,2,1,173
1786,2009,23,1,1,2,2,2,2,152
1787,2003,61,2,1,5,2,2,2,31
1788,2004,24,1,1,4,2,1,1,244
1789,2006,66,2,2,3,2,2,1,36
1790,2006,50,3,1,2,1,2,1,58
1791,2005,22,1,1,2,2,1,2,29
1792,2004,62,2,2,2,2,1,1,42
1793,2003,55,2,1,4,2,2,1,148
1794,2004,41,2,1,4,1,2,2,81
1795,2005,54,2,1,4,2,2,1,336
1796,2009,29,2,3,4,1,2,2,269
1797,2004,39,2,2,2,1,1,1,49
1798,2006,71,4,1,4,2,1,2,267
1799,2003,22,1,1,4,1,2,1,234
1800,2007,48,2,1,4,2,2,2,129
1801,2009,35,2,1,3,1,1,1,104
1802,2003,46,2,1,4,1,1,2,269
1803,2003,51,2,1,1,1,1,1,335
1804,2005,55,2,1,2,2,1,1,303
1805,2005,36,2,1,2,2,2,1,18
1806,2008,57,2,1,2,1,2,2,181
1807,2005,21,2,1,2,1,2,1,306
1808,2006,60,2,1,5,2,2,1,166
1809,2006,41,1,2,3,1,1,2,35
1810,2004,56,2,1,4,2,1,1,199
1811,2005,32,1,1,4,2,2,1,240
1812,2003,32,2,1,2,1,1,1,121
1813,2006,36,4,1,3,1,2,1,122
1814,2006,28,1,1,2,1,1,2,338
1815,2009,60,2,1,5,2,1,2,171
1816,2003,41,2,1,3,2,2,1,286
1817,2006,55,2,1,3,1,1,1,139
1818,2003,36,2,2,3,1,2,1,192
1819,2006,46,1,2,3,2,2,1,180
1820,2008,62,2,1,2,1,2,2,165
1821,2006,44,2,1,2,1,2,2,241
1822,2006,36,2,1,4,1,2,1,199
1823,2004,41,2,1,2,2,2,1,198
1824,2006,22,1,1,4,2,2,1,38
1825,2008,51,2,1,5,2,2,1,271
1826,2008,57,2,1,1,2,1,1,184
1827,2005,55,2,1,2,2,1,1,298
1828,2003,36,2,1,4,2,2,1,310
1829,2008,43,2,1,5,2,2,1,101
1830,2003,38,2,1,3,2,1,2,181
1831,2006,27,1,1,3,2,2,2,89
1832,2007,32,2,1,3,1,2,1,195
1833,2009,44,1,1,1,1,1,2,100
1834,2008,56,2,3,4,1,2,1,73
1835,2007,38,2,2,4,2,2,1,147
1836,2003,36,2,1,1,1,1,2,108
1837,2005,28,1,1,3,1,2,1,244
1838,2005,39,2,1,2,1,2,1,103
1839,2008,42,1,2,2,2,2,2,264
1840,2009,51,2,1,1,1,1,1,270
1841,2004,55,2,2,2,2,1,1,292
1842,2007,39,1,1,5,2,2,1,154
1843,2003,42,2,1,1,1,2,2,41
1844,2006,33,2,2,5,2,2,1,63
1845,2008,23,1,1,2,2,1,1,142
1846,2003,40,2,1,4,1,2,1,203
1847,2003,40,2,1,3,1,1,2,340
1848,2009,51,2,3,3,1,1,1,271
1849,2007,76,2,3,4,1,1,1,44
1850,2007,57,4,1,5,1,1,1,169
1851,2003,27,5,1,3,1,2,1,86
1852,2005,26,1,2,2,1,2,1,276
1853,2005,25,2,1,2,1,1,1,18
1854,2005,27,2,1,3,1,2,1,275
1855,2004,33,1,1,3,2,1,1,305
1856,2003,51,4,1,1,1,2,1,280
1857,2005,22,1,1,4,2,2,1,109
1858,2005,47,2,1,2,1,1,1,252
1859,2009,34,1,1,3,2,2,1,239
1860,2008,47,4,1,3,1,2,1,200
1861,2005,31,1,1,3,1,2,1,83
1862,2005,46,2,1,2,1,1,1,318
1863,2006,47,2,1,2,2,2,1,44
1864,2006,49,2,1,4,1,2,1,173
1865,2003,40,2,2,4,1,2,1,41
1866,2004,51,2,1,1,2,2,1,182
1867,2008,31,2,1,3,1,2,1,271
1868,2003,58,2,1,2,2,2,1,275
1869,2005,48,2,2,3,1,2,2,275
1870,2004,54,4,2,4,1,2,1,185
1871,2007,56,1,1,5,2,2,2,195
1872,2007,61,2,1,2,1,1,1,216
1873,2009,32,2,3,5,1,2,1,329
1874,2007,60,2,1,4,2,2,2,226
1875,2006,42,2,1,3,1,2,1,270
1876,2003,22,1,3,3,2,2,2,121
1877,2003,46,2,1,3,1,2,1,78
1878,2005,53,2,1,1,2,2,1,259
1879,2008,43,4,1,4,1,2,1,41
1880,2009,32,1,1,2,1,2,1,113
1881,2009,30,2,1,4,1,2,1,78
1882,2009,50,1,2,5,2,1,1,118
1883,2006,40,2,1,5,2,2,1,39
1884,2009,55,2,1,1,2,2,2,86
1885,2004,42,2,1,4,2,2,1,43
1886,2004,35,1,1,2,1,2,1,334
1887,2004,33,2,1,4,2,2,1,15
1888,2004,33,2,1,3,2,1,1,142
1889,2003,38,2,1,2,2,2,1,235
1890,2009,41,2,1,2,2,2,1,245
1891,2009,42,2,1,5,2,2,2,333
1892,2009,58,2,1,4,2,2,1,309
1893,2009,45,2,1,2,1,1,2,213
1894,2009,47,1,1,2,2,2,1,27
1895,2005,30,2,1,2,2,2,1,131
1896,2009,34,2,1,4,2,2,1,244
1897,2006,43,2,1,5,2,2,2,199
1898,2008,58,5,1,1,1,2,1,52
1899,2009,44,2,2,3,1,1,2,169
1900,2005,28,2,1,1,1,2,2,124
1901,2004,46,2,1,3,2,2,1,227
1902,2008,36,2,1,3,1,2,1,13
1903,2007,37,2,2,2,2,2,1,330
1904,2008,47,2,1,4,2,2,1,206
1905,2007,56,4,1,3,2,2,2,230
1906,2009,38,2,1,3,2,2,1,250
1907,2007,41,1,2,1,1,2,2,317
1908,2004,62,2,1,3,2,1,1,299
1909,2004,40,2,1,3,2,2,1,158
1910,2004,44,2,3,5,2,2,1,349
1911,2007,56,2,1,4,1,2,1,62
1912,2008,51,2,2,3,1,2,2,227
1913,2005,41,2,1,3,1,2,2,117
1914,2005,52,2,1,5,2,2,1,91
1915,2008,27,2,1,3,2,2,1,304
1916,2004,52,2,1,4,1,1,1,151
1917,2005,51,4,1,2,1,1,2,74
1918,2009,51,2,1,2,1,1,1,310
1919,2005,28,1,1,4,2,2,1,284
1920,2007,49,1,1,2,2,2,2,300
1921,2007,61,2,1,1,1,2,1,204
1922,2006,39,2,1,2,2,1,1,266
1923,2005,23,1,1,1,1,2,2,258
1924,2007,53,2,1,5,1,2,1,67
1925,2004,55,1,3,3,2,2,1,283
1926,2005,48,1,2,2,2,2,1,39
1927,2007,50,2,1,4,2,2,1,302
1928,2009,31,1,1,1,1,2,2,132
1929,2007,53,2,1,2,1,1,1,81
1930,2008,49,2,1,4,1,2,2,120
1931,2003,49,1,1,4,1,2,2,246
1932,2004,43,2,1,2,1,2,1,299
1933,2007,20,1,1,2,1,2,1,124
1934,2008,46,4,1,2,2,2,1,226
1935,2005,48,2,1,4,1,2,1,155
1936,2005,19,1,1,2,1,2,2,345
1937,2004,56,4,1,4,1,2,1,125
1938,2003,44,2,1,3,1,2,2,121
1939,2009,23,1,1,2,1,2,2,294
1940,2005,42,1,1,4,2,1,1,274
1941,2008,32,2,1,5,1,2,2,120
1942,2003,32,1,1,2,1,2,2,346
1943,2003,43,2,1,2,1,2,2,150
1944,2008,57,1,2,4,1,2,1,228
1945,2008,26,2,2,3,2,1,1,86
1946,2009,67,4,1,3,2,1,1,103
1947,2004,31,2,1,5,2,2,1,28
1948,2006,49,4,1,3,2,2,1,151
1949,2005,29,1,1,4,1,1,1,62
1950,2008,41,2,1,3,1,1,2,302
1951,2006,35,2,1,2,2,1,1,100
1952,2009,39,2,1,2,1,2,2,257
1953,2004,33,5,2,3,2,2,1,218
1954,2009,53,2,1,4,2,2,1,349
1955,2009,43,2,3,4,2,2,1,315
1956,2004,36,2,1,4,2,1,1,150
1957,2004,38,2,1,5,2,2,1,37
1958,2003,58,2,1,2,1,2,2,266
1959,2004,45,2,1,4,2,2,1,273
1960,2005,34,1,2,2,1,2,2,108
1961,2007,30,2,1,4,2,2,2,36
1962,2008,21,1,1,2,1,1,2,168
1963,2003,39,2,1,4,2,2,1,56
1964,2006,28,1,2,3,1,2,1,150
1965,2008,54,2,1,2,1,1,1,44
1966,2007,24,1,1,3,1,1,1,202
1967,2005,57,2,1,5,1,2,1,145
1968,2003,48,5,2,2,2,2,2,159
1969,2004,31,2,1,3,2,2,1,314
1970,2006,47,1,1,5,2,2,1,88
1971,2004,44,2,1,4,2,2,2,83
1972,2004,30,1,1,2,1,2,1,83
1973,2003,41,1,1,4,2,1,1,83
1974,2008,26,1,1,4,1,2,1,224
1975,2009,32,1,3,3,1,2,1,301
1976,2009,39,2,1,2,2,1,1,160
1977,2004,42,2,2,3,2,1,1,317
1978,2005,24,1,1,4,2,2,1,320
1979,2006,44,4,1,5,2,2,1,301
1980,2006,30,1,3,4,2,2,1,29
1981,2006,58,2,1,4,2,2,1,271
1982,2008,33,1,1,2,2,2,1,51
1983,2008,56,2,1,2,1,1,2,277
1984,2005,28,2,1,3,1,2,1,139
1985,2008,41,2,3,5,2,2,1,49
1986,2009,22,2,1,3,1,2,2,241
1987,2004,37,4,1,3,1,1,1,280
1988,2006,18,1,1,1,1,2,2,76
1989,2004,37,1,1,4,2,2,2,157
1990,2007,43,2,1,4,1,1,1,202
1991,2008,49,2,2,2,2,2,1,174
1992,2005,36,2,1,4,1,2,1,183
1993,2007,47,2,2,5,1,2,2,20
1994,2003,52,2,1,4,1,2,1,221
1995,2009,34,2,1,3,1,2,2,324
1996,2004,62,2,1,4,2,2,1,54
1997,2007,44,2,1,1,1,2,1,72
1998,2005,48,2,1,1,1,1,1,118
1999,2007,51,2,1,2,2,2,1,204
2000,2009,35,1,1,4,1,2,1,35
2001,2003,42,2,1,2,1,2,2,196
2002,2005,34,1,1,4,1,2,1,277
2003,2003,50,2,3,4,1,2,1,109
2004,2006,50,4,1,4,2,1,1,270
2005,2004,55,2,1,4,2,1,2,151
2006,2009,56,2,1,2,1,1,1,60
2007,2005,50,2,1,2,2,2,1,79
2008,2009,44,2,1,4,2,2,2,118
2009,2005,30,2,1,4,2,2,1,29
2010,2005,34,2,1,4,2,2,1,30
2011,2007,50,4,1,2,2,2,1,137
2012,2004,51,2,1,4,2,1,2,291
2013,2003,53,2,2,3,2,2,2,71
2014,2004,40,1,2,5,2,2,1,64
2015,2006,34,2,1,2,2,2,1,80
2016,2006,36,2,1,3,1,2,1,110
2017,2005,44,2,1,3,2,1,1,295
2018,2008,54,2,3,2,1,2,2,350
2019,2008,36,2,1,4,1,2,2,176
2020,2006,62,2,1,5,2,2,1,101
2021,2008,33,1,1,5,2,2,2,201
2022,2004,44,1,1,2,1,2,2,341
2023,2005,80,1,1,2,2,2,2,275
2024,2005,45,2,1,2,2,2,2,211
2025,2008,58,4,1,4,2,2,1,212
2026,2004,51,2,1,3,1,2,2,248
2027,2005,60,2,1,3,2,2,1,256
2028,2007,33,2,1,1,1,1,2,275
2029,2006,28,1,1,3,2,2,1,15
2030,2004,37,2,1,4,1,2,1,110
2031,2006,56,2,1,3,2,2,1,301
2032,2009,59,2,1,5,2,2,1,202
2033,2004,56,2,1,2,2,2,1,37
2034,2003,34,2,1,1,1,2,1,59
2035,2004,37,1,1,2,1,2,1,122
2036,2009,36,2,1,4,1,2,1,178
2037,2008,45,2,1,4,2,2,1,110
2038,2006,36,2,1,5,2,2,2,191
2039,2008,23,1,1,3,2,2,2,286
2040,2003,56,2,1,2,2,1,1,130
2041,2005,33,2,1,3,1,2,2,212
2042,2009,48,2,3,1,1,2,1,73
2043,2008,28,1,1,2,1,2,2,71
2044,2008,37,2,1,3,1,1,1,273
2045,2006,56,2,1,2,2,1,2,127
2046,2005,22,1,1,3,1,2,2,141
2047,2007,60,2,1,2,1,1,2,32
2048,2009,30,1,1,4,1,2,2,72
2049,2003,50,2,1,2,1,1,1,140
2050,2003,38,2,1,5,2,2,1,199
2051,2009,55,2,1,5,2,2,1,164
2052,2006,26,2,1,4,1,2,1,331
2053,2006,39,2,1,3,2,2,1,189
2054,2003,42,2,1,5,2,2,1,88
2055,2007,71,2,2,4,2,1,1,192
2056,2008,33,2,1,3,2,2,1,50
2057,2004,49,1,1,2,1,2,2,326
2058,2005,45,2,1,3,1,1,2,98
2059,2004,41,2,1,5,1,2,1,315
2060,2005,59,4,1,1,1,1,1,332
2061,2004,33,2,1,4,2,2,1,198
2062,2009,47,1,4,1,1,1,2,265
2063,2006,34,2,1,3,2,2,1,184
2064,2007,23,2,2,3,2,2,2,225
2065,2009,32,2,1,2,1,2,1,315
2066,2009,30,2,1,4,2,2,1,296
2067,2006,54,2,2,2,2,1,2,52
2068,2009,46,2,1,3,1,2,1,75
2069,2005,52,2,1,4,2,1,1,136
2070,2008,50,2,1,2,1,2,2,329
2071,2007,57,2,1,2,1,1,1,195
2072,2005,46,2,1,3,1,2,1,338
2073,2005,30,1,1,3,2,1,2,51
2074,2006,32,1,1,3,1,1,2,256
2075,2008,53,2,1,3,1,2,2,261
2076,2005,48,2,1,4,1,1,1,168
2077,2003,31,2,1,3,2,2,1,46
2078,2003,50,2,1,2,1,2,2,284
2079,2004,41,2,1,4,1,2,1,230
2080,2008,47,2,1,2,1,2,1,177
2081,2004,37,2,1,2,2,2,1,132
2082,2004,24,1,1,3,2,2,1,43
2083,2004,53,2,1,1,1,1,1,158
2084,2004,39,4,1,2,1,1,2,312
2085,2007,47,2,1,3,1,1,1,122
2086,2006,36,2,1,4,2,2,1,340
2087,2006,34,2,1,4,2,2,1,12
2088,2004,45,2,1,3,2,2,2,97
2089,2003,60,2,1,1,1,1,2,88
2090,2006,43,2,1,1,2,2,1,318
2091,2009,20,1,1,2,1,1,2,79
2092,2008,27,1,1,4,1,1,1,276
2093,2004,35,4,1,2,1,2,2,233
2094,2008,50,2,1,2,1,1,1,253
2095,2009,56,2,4,2,1,1,2,151
2096,2008,19,1,1,3,1,1,2,197
2097,2006,35,2,1,4,2,2,2,198
2098,2005,23,1,1,1,1,2,2,194
2099,2003,45,3,4,2,1,2,1,262
2100,2004,54,4,1,1,2,1,2,325
2101,2008,43,1,1,2,2,1,1,172
2102,2008,42,2,1,5,1,2,1,107
2103,2005,51,2,1,4,2,2,1,313
2104,2007,49,1,1,4,2,2,1,213
2105,2006,48,2,1,2,2,2,1,12
2106,2005,50,4,1,4,1,1,1,223
2107,2006,37,2,1,4,1,1,1,31
2108,2005,38,2,1,5,1,2,1,49
2109,2009,58,2,1,4,2,2,2,156
2110,2005,41,2,1,1,1,2,1,251
2111,2006,51,2,1,4,2,2,1,217
2112,2006,51,2,1,3,2,2,2,279
2113,2006,44,2,1,1,2,2,1,285
2114,2003,43,2,1,4,2,1,1,24
2115,2004,34,2,1,3,1,2,2,240
2116,2005,43,2,1,4,1,2,1,56
2117,2004,59,2,1,4,1,2,1,14
2118,2004,61,4,1,2,1,2,1,242
2119,2008,40,2,1,1,1,2,1,144
2120,2009,49,2,1,3,2,2,1,92
2121,2003,55,2,1,4,1,2,1,209
2122,2005,54,2,1,5,2,2,1,214
2123,2004,41,2,1,2,2,2,1,18
2124,2006,29,2,1,2,1,1,1,91
2125,2009,66,2,2,2,2,1,2,116
2126,2006,61,2,1,5,2,1,1,160
2127,2003,34,4,1,2,1,2,1,279
2128,2007,41,1,1,2,1,2,1,305
2129,2004,48,4,2,1,2,2,1,344
2130,2005,26,1,1,4,1,2,1,191
2131,2006,54,4,1,3,2,2,2,280
2132,2008,44,2,1,2,1,2,1,165
2133,2008,60,4,1,4,2,2,1,288
2134,2008,57,2,1,2,1,2,2,242
2135,2009,53,2,1,2,2,2,1,28
2136,2007,54,4,1,5,2,2,2,291
2137,2009,37,2,1,4,2,2,1,115
2138,2008,62,2,1,2,2,1,1,49
2139,2003,40,2,1,3,2,2,1,331
2140,2008,39,2,1,2,2,1,1,262
2141,2005,55,1,2,2,1,1,1,291
2142,2006,57,2,1,4,2,1,1,197
2143,2003,45,2,1,4,1,2,1,190
2144,2003,41,2,1,4,1,2,2,226
2145,2007,28,1,1,3,1,1,2,212
2146,2003,58,2,1,5,1,2,1,80
2147,2008,47,1,2,5,2,1,1,273
2148,2007,60,1,1,5,2,2,1,216
2149,2003,26,1,3,4,2,2,1,313
2150,2006,52,2,1,3,1,2,1,66
2151,2008,31,2,1,3,1,2,1,299
2152,2007,63,2,3,5,1,2,1,171
2153,2005,42,2,1,2,1,2,2,271
2154,2009,30,1,1,5,2,2,1,307
2155,2007,52,2,1,3,2,2,1,253
2156,2005,38,2,1,5,2,2,1,37
2157,2008,29,2,1,1,1,2,1,116
2158,2007,42,2,1,4,2,2,2,182
2159,2007,57,2,1,4,2,1,1,332
2160,2005,46,2,2,3,1,2,1,110
2161,2003,21,1,1,1,1,2,2,22
2162,2005,34,4,1,3,1,2,1,262
2163,2008,39,1,1,2,1,1,1,266
2164,2006,26,1,1,3,1,2,1,301
2165,2004,42,4,1,1,2,2,1,154
2166,2004,48,2,1,3,2,1,2,284
2167,2009,54,2,1,2,1,2,1,241
2168,2003,80,2,1,2,1,2,2,259
2169,2006,37,2,1,2,1,2,1,324
2170,2007,31,1,4,3,2,1,2,222
2171,2003,41,5,1,2,2,2,2,171
2172,2004,37,2,1,4,2,2,1,264
2173,2003,43,1,1,4,2,1,1,69
2174,2004,54,2,1,4,2,2,2,11
2175,2004,39,2,1,5,2,2,1,139
2176,2004,45,2,1,2,2,2,2,271
2177,2007,21,1,1,2,2,1,2,81
2178,2005,59,2,2,3,1,2,1,62
2179,2007,29,1,3,4,1,1,2,136
2180,2009,29,2,1,4,2,2,2,44
2181,2005,33,1,2,1,2,2,1,118
2182,2003,45,2,1,4,1,1,1,84
2183,2008,53,4,1,5,1,2,1,206
2184,2003,63,2,1,4,1,2,1,39
2185,2004,56,2,1,4,2,2,1,41
2186,2003,21,1,1,2,1,2,1,108
2187,2007,39,3,3,2,1,2,1,66
2188,2007,30,2,1,4,2,2,1,148
2189,2003,42,2,1,4,2,2,1,281
2190,2004,40,4,1,3,1,1,2,48
2191,2004,47,2,1,3,1,1,1,248
2192,2005,43,2,1,3,2,1,2,293
2193,2005,42,4,1,3,2,2,1,300
2194,2008,50,2,1,4,2,2,1,163
2195,2004,39,2,1,2,1,1,2,244
2196,2007,50,2,1,4,2,1,2,103
2197,2005,60,3,2,5,2,2,1,96
2198,2009,57,1,1,3,1,2,2,134
2199,2007,38,2,1,2,1,2,2,12
2200,2004,49,2,1,2,2,2,1,70
2201,2004,51,4,1,2,2,1,1,347
2202,2004,33,2,1,3,2,2,1,173
2203,2006,59,1,1,3,2,2,1,325
2204,2006,41,2,1,2,2,2,1,65
2205,2003,33,2,1,5,2,2,2,175
2206,2008,28,1,1,4,2,2,1,114
2207,2009,49,1,1,3,2,1,2,326
2208,2005,51,5,1,4,1,2,1,246
2209,2008,36,1,1,4,1,2,1,166
2210,2003,26,1,1,3,1,2,1,112
2211,2005,22,1,1,4,2,2,2,281
2212,2006,47,2,2,2,2,2,2,275
2213,2003,59,2,1,5,1,2,1,187
2214,2004,41,2,1,4,2,1,1,136
2215,2006,32,1,1,4,2,1,1,304
2216,2008,45,2,1,1,1,1,1,218
2217,2008,39,2,1,1,1,2,1,235
2218,2006,64,2,1,2,2,1,1,20
2219,2004,36,2,3,4,1,2,1,15
2220,2004,61,2,1,2,2,2,2,165
2221,2003,34,2,1,1,1,2,2,58
2222,2004,52,2,1,5,2,2,1,253
2223,2008,33,2,1,2,1,2,2,107
2224,2009,36,2,3,4,1,2,1,349
2225,2005,34,2,1,2,1,2,2,66
2226,2004,39,1,1,1,1,2,2,342
2227,2004,59,3,2,5,2,2,1,102
2228,2009,49,2,1,4,1,2,1,153
2229,2006,40,2,1,5,2,2,1,125
2230,2006,49,2,1,2,1,1,1,104
2231,2003,25,2,1,2,1,2,2,213
2232,2009,59,2,3,4,1,1,1,122
2233,2007,39,2,1,2,1,1,2,268
2234,2005,40,2,1,3,1,1,2,187
2235,2009,51,2,1,4,2,2,1,177
2236,2009,63,1,1,2,1,1,1,92
2237,2007,53,2,1,1,2,1,1,291
2238,2008,25,1,1,4,1,2,1,152
2239,2007,53,4,1,2,1,2,1,329
2240,2006,23,2,1,4,2,2,1,106
2241,2004,36,1,3,2,1,1,2,255
2242,2005,19,1,1,2,1,2,2,259
2243,2005,47,2,1,2,1,2,1,30
2244,2005,43,1,1,5,2,1,1,91
2245,2004,40,2,1,4,2,2,1,44
2246,2009,38,2,1,5,2,2,1,325
2247,2003,63,2,1,3,2,2,2,299
2248,2008,45,1,1,4,1,2,1,269
2249,2008,32,2,1,2,2,1,2,335
2250,2009,37,2,1,4,2,2,1,305
2251,2004,37,4,1,2,1,1,2,84
2252,2008,41,2,1,5,2,2,2,42
2253,2005,45,1,1,4,2,1,1,208
2254,2008,22,1,1,3,1,2,2,182
2255,2005,58,2,3,5,2,2,1,40
2256,2003,44,2,1,2,2,2,1,264
2257,2007,39,2,1,3,2,1,1,173
2258,2005,40,2,1,2,1,1,1,133
2259,2003,33,1,3,3,2,2,1,66
2260,2006,35,2,1,5,1,2,2,288
2261,2009,63,2,3,5,1,2,2,227
2262,2003,45,2,1,5,1,2,1,269
2263,2008,31,2,1,2,1,2,1,60
2264,2003,41,1,1,5,1,1,1,145
2265,2008,66,2,1,5,2,2,1,106
2266,2009,45,1,2,2,1,2,1,227
2267,2007,47,1,1,3,1,2,2,227
2268,2006,35,2,1,2,2,1,1,46
2269,2005,52,2,1,2,2,1,2,29
2270,2003,62,2,1,4,2,1,1,206
2271,2003,47,2,1,2,1,2,1,143
2272,2004,40,2,1,3,1,2,1,274
2273,2006,41,2,1,5,2,2,1,115
2274,2009,48,2,1,2,2,2,1,164
2275,2005,55,2,1,4,2,2,1,14
2276,2009,64,2,1,2,2,2,1,150
2277,2004,29,2,1,4,1,2,1,138
2278,2003,49,2,1,3,1,2,1,303
2279,2009,32,2,1,4,1,2,1,69
2280,2006,41,2,3,2,1,2,1,122
2281,2004,58,2,1,3,1,2,1,258
2282,2003,41,2,1,3,1,2,1,143
2283,2007,34,1,1,3,2,1,1,155
2284,2004,43,2,1,4,2,2,1,115
2285,2003,23,1,2,1,2,1,2,315
2286,2003,40,1,1,5,1,2,1,186
2287,2007,46,2,1,5,2,2,1,28
2288,2004,35,2,1,4,1,2,2,137
2289,2007,42,1,1,5,2,2,1,309
2290,2009,47,5,1,2,1,2,2,84
2291,2007,45,2,1,2,1,2,1,75
2292,2008,34,1,1,4,2,2,1,185
2293,2004,57,2,1,2,1,2,1,344
2294,2005,32,1,1,3,2,2,1,125
2295,2009,55,4,1,2,2,1,1,321
2296,2008,22,1,1,4,2,2,2,99
2297,2005,51,2,1,2,2,2,1,342
2298,2006,26,1,1,2,1,1,2,197
2299,2004,27,1,1,4,2,2,2,136
2300,2004,34,2,1,4,2,2,1,21
2301,2007,48,2,1,2,2,2,1,53
2302,2008,23,2,1,2,1,2,2,270
2303,2003,41,2,1,2,1,2,1,285
2304,2009,49,4,1,5,2,2,1,158
2305,2005,47,2,1,5,2,1,1,83
2306,2005,35,4,2,4,1,2,1,289
2307,2007,50,2,1,2,1,2,1,298
2308,2006,55,2,1,2,1,1,1,211
2309,2009,69,2,1,2,1,1,1,242
2310,2004,45,2,1,2,1,2,1,16
2311,2005,40,2,1,3,1,1,1,324
2312,2005,47,1,1,4,2,2,1,149
2313,2008,22,1,1,3,1,2,1,149
2314,2003,42,4,1,2,1,2,2,128
2315,2008,47,2,1,4,2,2,1,254
2316,2005,48,2,2,2,1,2,2,114
2317,2009,28,1,1,2,1,2,2,304
2318,2005,49,1,1,3,1,1,1,273
2319,2009,51,4,1,2,1,1,1,241
2320,2003,58,2,1,5,1,2,1,262
2321,2005,32,1,2,3,2,1,1,348
2322,2009,55,2,1,2,1,1,1,306
2323,2007,49,2,1,2,2,1,1,97
2324,2004,46,2,1,2,1,2,2,342
2325,2003,44,2,1,5,2,1,1,80
2326,2003,25,2,1,3,1,2,1,67
2327,2004,73,4,2,1,1,1,1,91
2328,2004,18,1,1,2,1,2,1,72
2329,2005,52,2,2,1,2,2,1,255
2330,2008,28,2,3,2,1,2,2,217
2331,2004,51,2,1,2,1,2,2,83
2332,2009,44,2,1,4,2,2,1,298
2333,2008,44,2,1,3,2,2,1,137
2334,2003,29,2,3,2,1,2,1,17
2335,2006,48,2,3,4,2,1,2,106
2336,2006,62,2,1,2,2,1,1,210
2337,2004,40,2,1,5,2,2,1,297
2338,2003,24,1,1,3,1,1,2,54
2339,2003,48,2,1,4,1,2,1,71
2340,2008,54,2,1,5,2,1,1,189
2341,2003,69,2,2,1,2,2,1,61
2342,2006,48,2,1,2,1,1,2,44
2343,2003,73,2,1,1,1,2,2,328
2344,2009,30,2,2,3,2,2,2,201
2345,2003,41,1,3,3,2,1,2,163
2346,2009,48,2,1,1,2,2,2,232
2347,2004,63,2,1,4,2,2,1,305
2348,2003,29,2,1,3,2,2,2,116
2349,2004,40,2,1,3,1,2,1,155
2350,2007,52,2,1,3,2,1,1,195
2351,2008,54,5,1,2,1,1,1,28
2352,2009,33,2,1,4,1,2,1,152
2353,2004,42,2,1,4,2,1,1,151
2354,2007,31,2,2,2,1,2,1,115
2355,2006,46,2,1,3,2,2,1,143
2356,2008,44,2,1,4,1,2,1,222
2357,2009,45,5,1,2,1,2,2,173
2358,2003,40,2,1,2,1,2,2,224
2359,2005,31,1,1,2,1,2,1,285
2360,2006,19,1,1,2,1,2,2,78
2361,2003,43,2,1,2,1,1,1,91
2362,2007,56,2,1,4,2,2,1,17
2363,2006,55,2,1,3,1,2,1,26
2364,2006,59,2,1,5,2,1,1,219
2365,2009,49,4,1,1,2,1,1,25
2366,2009,42,2,1,4,1,2,1,122
2367,2008,27,1,1,2,1,2,2,78
2368,2003,34,1,1,2,1,1,2,313
2369,2008,47,2,1,4,2,2,1,167
2370,2003,35,2,1,5,2,2,1,140
2371,2004,33,2,2,3,2,2,1,151
2372,2003,35,2,1,2,1,2,1,218
2373,2004,40,2,1,3,2,1,1,175
2374,2004,53,2,1,4,2,2,2,129
2375,2007,47,2,2,4,2,2,1,68
2376,2006,45,1,1,5,2,2,1,328
2377,2009,34,2,1,4,1,2,1,11
2378,2006,25,2,1,1,1,2,1,23
2379,2006,56,2,1,4,2,2,2,94
2380,2005,54,2,1,3,2,2,1,156
2381,2003,41,2,1,1,1,2,1,209
2382,2008,46,2,1,5,2,2,1,113
2383,2004,44,2,1,5,1,2,1,299
2384,2004,44,4,1,4,2,1,1,350
2385,2005,46,2,1,5,2,2,1,219
2386,2009,38,2,1,4,2,2,1,92
2387,2008,36,2,1,2,1,2,2,222
2388,2009,27,1,3,4,2,2,1,41
2389,2008,33,2,1,2,1,1,2,306
2390,2006,56,2,2,2,1,1,1,156
2391,2005,52,2,1,2,2,2,1,109
2392,2008,33,1,1,5,2,2,1,47
2393,2008,32,2,3,4,1,2,2,164
2394,2008,39,4,1,4,1,2,1,125
2395,2005,22,1,1,2,1,1,2,256
2396,2009,53,2,1,4,1,2,2,180
2397,2006,36,2,1,4,1,2,1,238
2398,2005,37,2,1,1,1,2,2,325
2399,2008,40,2,1,2,2,2,1,142
2400,2005,51,2,2,2,1,1,1,54
2401,2008,40,2,1,2,2,2,1,115
2402,2006,56,2,1,5,2,2,1,284
2403,2009,50,2,1,2,1,2,1,263
2404,2009,49,2,1,2,1,2,1,280
2405,2007,32,2,1,1,2,2,2,62
2406,2004,21,1,1,2,2,2,1,321
2407,2004,48,2,1,4,2,1,1,258
2408,2007,48,2,1,3,1,2,1,64
2409,2004,32,2,1,3,1,2,1,335
2410,2003,30,1,1,3,1,2,1,343
2411,2006,30,2,1,3,1,2,2,210
2412,2003,33,2,1,1,2,2,2,193
2413,2005,56,2,3,5,1,2,2,105
2414,2004,46,4,2,3,2,2,1,159
2415,2003,49,2,1,3,1,2,1,193
2416,2008,24,1,1,2,1,2,2,314
2417,2009,48,1,1,3,2,2,1,241
2418,2006,37,4,1,4,1,1,2,64
2419,2007,53,2,1,3,1,1,1,345
2420,2004,56,2,2,5,2,2,1,197
2421,2008,34,2,2,3,2,2,2,210
2422,2004,56,2,1,3,1,1,1,104
2423,2006,48,2,1,2,1,2,1,234
2424,2006,47,2,2,2,1,2,2,24
2425,2003,52,2,1,3,2,2,1,220
2426,2009,40,2,1,3,1,2,1,140
2427,2008,25,2,1,2,2,2,1,194
2428,2009,35,2,1,4,1,2,1,107
2429,2006,40,1,2,3,2,1,1,115
2430,2009,22,1,1,2,1,2,2,326
2431,2003,50,4,1,3,2,1,1,151
2432,2008,48,5,1,1,1,2,2,220
2433,2007,40,1,3,5,1,2,1,259
2434,2003,45,2,1,3,2,2,1,64
2435,2004,30,2,1,4,2,2,1,149
2436,2003,46,2,1,4,1,2,1,312
2437,2008,34,2,1,2,1,2,1,35
2438,2007,32,2,1,1,1,2,2,57
2439,2004,53,2,1,4,1,1,1,25
2440,2008,32,1,1,3,1,2,2,19
2441,2004,39,2,2,4,1,2,2,49
2442,2007,51,2,1,4,2,2,1,226
2443,2004,40,2,1,2,2,1,1,202
2444,2009,66,2,1,4,2,1,1,144
2445,2006,40,2,1,4,1,2,1,34
2446,2009,52,2,1,5,2,2,2,45
2447,2007,36,2,1,3,2,2,1,108
2448,2007,32,1,1,2,1,1,1,266
2449,2008,45,2,1,2,2,2,2,99
2450,2006,37,2,1,2,2,2,1,103
2451,2004,47,2,3,5,2,2,1,112
2452,2008,49,2,1,2,1,2,1,300
2453,2003,53,2,1,1,2,2,2,197
2454,2007,66,4,2,2,2,1,1,337
2455,2006,33,2,1,1,2,1,2,314
2456,2004,58,4,1,2,1,1,2,66
2457,2008,41,2,1,5,1,2,2,126
2458,2009,54,2,3,3,2,2,1,157
2459,2009,26,1,1,2,1,2,2,164
2460,2008,24,1,4,2,1,1,2,232
2461,2007,62,2,1,4,2,2,2,133
2462,2005,63,2,1,2,2,2,1,306
2463,2005,26,1,3,4,1,2,1,101
2464,2004,45,2,1,2,2,1,1,42
2465,2003,23,2,1,2,1,2,2,19
2466,2008,31,2,1,4,1,2,2,241
2467,2003,44,2,1,5,2,2,1,344
2468,2003,43,1,1,1,1,1,1,44
2469,2004,48,2,1,2,1,2,2,288
2470,2008,48,2,1,4,2,2,1,19
2471,2006,55,2,1,5,2,2,2,53
2472,2004,45,2,3,5,2,2,1,328
2473,2008,48,2,1,4,2,2,1,236
2474,2009,63,2,1,2,1,2,1,246
2475,2004,57,2,2,2,2,2,1,121
2476,2008,69,2,3,5,2,2,1,261
2477,2009,31,1,1,4,2,2,1,281
2478,2003,38,2,1,4,2,2,1,219
2479,2005,43,5,1,4,2,2,1,176
2480,2003,19,1,1,2,1,2,2,30
2481,2005,44,2,1,4,2,2,1,313
2482,2007,31,2,3,4,2,2,2,278
2483,2004,49,1,4,1,1,2,1,321
2484,2006,29,2,1,3,2,1,1,159
2485,2008,26,2,4,3,2,2,1,264
2486,2007,37,2,1,5,2,2,1,284
2487,2006,30,1,1,2,1,2,2,216
2488,2009,35,2,1,3,1,2,1,40
2489,2004,40,2,1,2,1,2,1,91
2490,2005,44,4,4,5,2,2,1,30
2491,2004,65,2,1,2,1,1,1,262
2492,2007,54,2,2,3,1,2,1,214
2493,2009,56,2,1,3,1,2,1,326
2494,2008,48,2,1,4,2,2,1,13
2495,2009,37,4,1,3,1,1,2,246
2496,2005,30,2,1,2,1,2,1,335
2497,2005,46,2,1,5,1,2,2,244
2498,2009,37,2,1,2,1,1,1,240
2499,2005,58,4,2,2,2,2,2,29
2500,2007,52,2,1,3,1,1,1,181
2501,2006,45,2,1,3,2,1,1,250
2502,2008,33,2,1,2,1,2,2,73
2503,2004,51,2,1,3,1,2,2,158
2504,2008,50,2,1,1,1,2,2,135
2505,2006,42,2,1,2,1,1,1,309
2506,2004,46,1,1,3,1,1,1,270
2507,2005,43,2,1,5,2,2,1,46
2508,2003,47,2,1,3,1,2,1,240
2509,2005,47,2,1,5,2,2,2,139
2510,2004,44,2,1,4,2,1,2,212
2511,2008,36,2,3,2,1,2,2,261
2512,2008,39,2,1,2,1,1,2,101
2513,2003,29,2,1,4,2,2,1,140
2514,2005,40,2,1,3,2,2,1,231
2515,2007,20,1,1,3,1,1,1,251
2516,2004,32,2,1,5,2,2,1,53
2517,2003,36,2,1,3,1,2,1,164
2518,2009,31,1,2,3,1,2,1,117
2519,2005,28,2,3,4,1,2,1,84
2520,2005,41,4,4,3,2,1,1,246
2521,2004,54,2,1,4,1,2,1,137
2522,2004,42,2,1,2,1,2,2,337
2523,2003,19,1,1,2,2,1,1,109
2524,2009,59,2,1,3,2,1,2,112
2525,2003,64,1,1,3,2,1,1,340
2526,2003,31,2,1,3,1,2,1,346
2527,2004,37,1,1,3,2,2,1,97
2528,2004,30,2,1,2,1,2,1,234
2529,2005,24,1,1,4,1,2,1,236
2530,2006,26,2,1,2,1,1,2,117
2531,2004,44,2,1,4,2,2,1,65
2532,2008,39,2,1,5,2,2,1,136
2533,2005,48,2,1,5,2,2,1,180
2534,2004,53,1,2,2,1,1,1,214
2535,2004,42,2,3,5,2,2,1,262
2536,2009,44,2,1,5,1,2,1,138
2537,2003,25,1,1,4,2,2,1,133
2538,2004,46,2,1,2,1,1,1,298
2539,2003,52,2,1,3,2,2,2,28
2540,2008,33,2,1,3,2,1,1,263
2541,2007,30,2,2,3,2,2,2,159
2542,2007,38,1,1,3,1,2,1,279
2543,2005,29,1,1,2,2,2,1,14
2544,2008,57,2,3,4,1,1,1,289
2545,2003,50,2,1,4,2,2,1,160
2546,2008,23,1,1,3,1,1,2,256
2547,2006,46,4,1,3,2,2,1,333
2548,2005,61,2,1,4,1,1,1,315
2549,2007,70,2,1,1,2,2,2,22
2550,2009,59,2,1,2,1,1,1,67
2551,2003,57,2,2,2,1,1,1,210
2552,2003,25,1,1,2,1,1,2,150
2553,2005,48,2,1,3,1,2,1,53
2554,2009,52,2,3,5,2,1,2,310
2555,2009,44,5,1,4,2,2,1,253
2556,2004,40,2,1,2,1,2,1,43
2557,2008,43,2,1,4,2,1,1,306
2558,2005,51,2,1,3,1,1,1,341
2559,2003,43,2,3,1,2,2,2,267
2560,2003,42,2,1,2,1,2,1,191
2561,2008,28,2,1,2,1,2,2,107
2562,2003,54,2,1,5,2,2,2,322
2563,2005,34,2,1,5,2,2,1,317
2564,2004,50,2,1,4,2,2,1,277
2565,2005,36,2,1,5,2,2,1,186
2566,2005,36,2,1,4,1,2,1,229
2567,2005,71,3,1,3,1,1,1,65
2568,2006,31,1,3,5,2,2,1,309
2569,2005,43,2,1,5,2,1,1,176
2570,2007,20,1,1,3,1,1,2,83
2571,2007,23,1,1,1,1,2,1,222
2572,2007,42,4,1,2,1,1,2,326
2573,2005,41,2,1,5,2,2,1,12
2574,2009,27,2,1,5,2,2,1,227
2575,2008,29,2,1,3,1,1,2,264
2576,2008,41,4,1,3,1,1,1,163
2577,2003,41,2,2,2,1,1,1,132
2578,2003,22,1,1,3,2,1,2,247
2579,2003,39,2,1,2,1,1,1,127
2580,2008,50,2,1,4,1,2,2,145
2581,2006,49,1,1,4,1,1,1,305
2582,2003,42,2,1,3,2,2,1,327
2583,2008,38,2,2,2,2,2,1,285
2584,2004,55,2,1,4,2,1,2,349
2585,2005,47,1,1,2,1,1,2,287
2586,2007,52,2,4,1,2,2,2,188
2587,2009,56,4,1,4,1,2,2,41
2588,2007,30,2,1,3,2,2,2,242
2589,2005,56,2,1,2,1,1,2,178
2590,2003,46,2,1,2,1,1,1,299
2591,2009,43,2,1,1,2,2,2,83
2592,2003,35,2,1,3,1,1,1,275
2593,2009,58,2,1,2,1,1,1,271
2594,2009,69,2,1,2,1,1,1,50
2595,2006,68,4,1,2,2,1,1,201
2596,2004,52,2,1,3,2,2,1,106
2597,2005,46,1,2,4,2,1,1,269
2598,2007,39,1,1,4,2,2,1,256
2599,2009,66,2,1,4,1,1,2,65
2600,2005,30,2,1,5,1,2,1,94
2601,2006,30,4,1,3,1,2,1,330
2602,2005,43,2,1,2,1,2,2,278
2603,2008,49,2,1,5,1,2,1,69
2604,2005,54,2,1,5,2,2,1,333
2605,2008,48,4,1,5,2,2,1,154
2606,2008,37,5,2,3,2,2,2,324
2607,2007,46,2,1,4,2,1,1,145
2608,2007,53,2,1,2,1,2,2,276
2609,2009,31,1,1,4,1,2,1,221
2610,2006,18,1,1,3,2,2,2,263
2611,2003,49,2,1,4,2,2,1,71
2612,2006,39,2,1,2,1,2,2,175
2613,2003,40,2,1,2,2,1,2,240
2614,2008,37,2,1,2,2,2,1,346
2615,2006,24,2,1,2,1,2,1,173
2616,2007,35,2,1,4,1,2,1,176
2617,2007,27,1,1,2,1,2,2,183
2618,2003,44,1,3,5,2,2,1,204
2619,2008,46,2,1,4,1,2,2,67
2620,2005,40,2,1,3,2,1,2,11
2621,2007,39,2,1,5,2,2,1,153
2622,2008,42,1,1,1,1,1,1,140
2623,2003,37,2,1,2,1,2,1,276
2624,2008,58,2,1,3,2,2,1,73
2625,2005,40,2,3,5,1,2,1,181
2626,2003,27,2,1,2,2,1,1,127
2627,2003,31,2,1,3,2,2,1,170
2628,2008,44,2,1,2,1,2,2,99
2629,2003,38,4,1,2,1,2,1,33
2630,2004,34,2,1,4,2,2,2,225
2631,2005,41,2,1,2,2,2,1,184
2632,2007,20,1,1,1,1,2,2,12
2633,2008,28,1,1,4,2,2,1,152
2634,2009,55,2,1,4,2,2,1,243
2635,2008,38,2,1,4,2,1,2,336
2636,2005,33,1,2,2,1,1,2,297
2637,2009,43,1,1,2,1,1,1,217
2638,2006,50,2,3,4,2,2,1,131
2639,2008,55,2,1,4,2,2,1,223
2640,2005,24,1,2,3,2,2,2,87
2641,2008,41,2,1,4,2,2,1,43
2642,2009,37,4,1,4,2,1,2,284
2643,2005,42,2,1,3,2,1,1,252
2644,2004,25,1,1,4,2,2,1,273
2645,2005,45,2,1,5,2,2,1,279
2646,2009,40,2,1,1,1,2,1,74
2647,2004,43,2,1,5,2,2,1,98
2648,2006,50,2,1,3,1,2,1,112
2649,2003,42,1,1,2,2,1,1,269
2650,2003,38,2,1,2,1,1,1,156
2651,2006,44,4,1,1,1,2,1,113
2652,2007,19,1,1,3,1,1,2,71
2653,2004,44,1,1,3,2,2,1,287
2654,2003,26,1,1,1,1,2,1,39
2655,2005,54,2,1,2,1,1,1,135
2656,2006,32,2,1,4,1,2,1,117
2657,2008,49,2,1,4,2,2,1,156
2658,2005,35,2,1,1,1,2,2,296
2659,2007,34,2,1,1,2,2,2,206
2660,2003,23,1,1,1,1,2,2,179
2661,2008,60,2,3,3,2,1,1,171
2662,2006,54,2,1,5,2,1,1,39
2663,2003,31,2,2,3,2,2,2,182
2664,2006,47,2,1,4,2,2,2,314
2665,2003,48,4,1,2,1,1,2,273
2666,2005,48,2,1,4,2,1,1,167
2667,2004,35,2,1,2,2,1,2,260
2668,2006,55,2,1,5,2,2,1,139
2669,2004,35,2,1,5,2,2,1,288
2670,2009,37,2,3,4,2,2,1,132
2671,2003,27,1,2,2,2,2,2,216
2672,2007,64,2,1,2,2,2,1,322
2673,2003,52,4,1,2,1,1,1,65
2674,2007,47,5,2,1,2,2,2,118
2675,2003,26,1,1,2,1,2,2,244
2676,2005,41,2,1,1,1,2,2,335
2677,2009,22,1,1,2,1,2,1,183
2678,2004,76,2,1,3,1,1,2,333
2679,2006,46,2,1,2,1,1,1,97
2680,2006,39,2,2,3,1,1,1,101
2681,2006,39,2,1,5,1,2,1,139
2682,2004,23,1,1,3,1,1,1,200
2683,2006,49,2,1,3,1,2,1,163
2684,2009,44,2,1,1,1,1,2,75
2685,2006,20,1,1,2,1,2,2,230
2686,2005,43,2,1,5,2,2,1,289
2687,2006,42,2,1,4,2,2,1,182
2688,2009,46,2,1,4,2,2,1,35
2689,2009,33,1,1,4,2,2,1,234
2690,2003,62,2,1,5,2,2,1,38
2691,2006,38,2,1,3,2,1,1,204
2692,2005,43,2,1,4,1,2,2,54
2693,2005,46,4,1,4,2,2,1,68
2694,2006,18,1,1,2,1,2,2,35
2695,2009,63,2,1,5,2,1,2,17
2696,2006,43,1,2,5,1,2,1,331
2697,2009,44,2,1,4,2,2,1,193
2698,2008,53,1,2,3,2,1,1,268
2699,2008,58,1,1,1,2,1,1,120
2700,2003,23,1,1,4,1,2,2,131
2701,2004,50,2,1,4,2,2,1,49
2702,2004,35,1,1,5,2,2,1,327
2703,2006,38,2,1,5,2,1,1,102
2704,2004,36,2,1,2,1,1,1,104
2705,2005,32,2,1,5,2,2,1,94
2706,2003,56,2,1,5,2,2,1,337
2707,2005,41,2,1,3,2,2,2,89
2708,2004,40,1,1,2,1,1,2,267
2709,2004,26,1,1,4,1,2,2,320
2710,2006,26,2,1,2,2,2,1,176
2711,2008,47,4,1,4,2,2,1,18
2712,2007,25,1,2,4,2,2,2,108
2713,2006,58,2,2,3,2,1,2,26
2714,2008,57,2,1,2,2,2,2,172
2715,2003,30,1,1,1,2,2,2,173
2716,2007,44,2,1,4,2,2,1,246
2717,2009,29,2,1,2,1,2,2,110
2718,2007,51,2,1,4,1,1,2,346
2719,2006,37,2,1,1,1,2,2,271
2720,2004,67,2,3,5,2,1,1,335
2721,2009,34,2,1,1,1,2,2,34
2722,2003,50,2,1,5,2,2,1,125
2723,2005,38,2,1,2,1,2,1,38
2724,2008,55,2,1,4,2,2,1,92
2725,2003,27,1,1,3,1,1,1,150
2726,2007,39,2,1,3,1,2,1,46
2727,2007,54,2,1,3,1,1,1,73
2728,2008,55,4,1,5,2,1,1,333
2729,2003,49,2,2,3,2,1,2,304
2730,2003,42,2,1,1,1,1,2,184
2731,2005,39,2,1,4,1,2,2,113
2732,2003,32,1,1,2,1,2,1,344
2733,2005,39,2,1,3,1,2,1,160
2734,2003,50,2,1,5,2,2,1,206
2735,2004,47,2,1,2,1,2,2,98
2736,2003,40,1,1,3,1,2,2,245
2737,2006,51,1,1,3,2,2,1,192
2738,2009,28,2,3,3,1,2,2,177
2739,2007,53,4,1,3,1,2,1,162
2740,2005,54,2,1,3,2,2,1,162
2741,2009,51,2,1,4,2,2,1,343
2742,2008,33,2,1,5,1,2,2,170
2743,2008,55,2,1,4,1,2,2,260
2744,2003,44,2,1,5,1,2,1,18
2745,2009,30,2,1,3,1,2,1,333
2746,2005,40,2,3,5,2,1,1,82
2747,2007,26,2,1,2,1,1,2,255
2748,2006,49,2,3,4,2,1,1,92
2749,2004,43,2,1,5,1,2,1,78
2750,2004,43,1,2,3,1,2,1,175
2751,2008,44,2,1,2,1,2,1,76
2752,2006,32,1,1,4,1,2,2,102
2753,2009,34,2,3,5,2,2,1,290
2754,2009,36,2,3,4,2,1,1,105
2755,2006,51,2,1,1,1,2,1,184
2756,2007,42,2,1,3,2,1,2,90
2757,2003,60,2,1,5,1,1,1,141
2758,2004,36,2,1,2,1,1,2,248
2759,2006,47,2,1,3,1,2,1,73
2760,2004,60,2,1,3,2,1,1,95
2761,2003,22,1,1,2,1,2,2,81
2762,2005,41,1,2,2,1,2,2,176
2763,2003,56,4,1,4,1,2,2,88
2764,2003,44,2,1,2,1,2,1,231
2765,2005,49,2,1,4,1,2,1,32
2766,2006,45,2,1,4,2,2,1,176
2767,2003,25,1,1,3,1,2,2,126
2768,2007,52,2,1,3,1,1,1,215
2769,2003,30,2,1,5,2,2,1,344
2770,2009,29,2,1,2,1,2,2,278
2771,2007,23,2,1,4,2,2,1,26
2772,2007,48,4,1,2,2,2,1,336
2773,2009,44,2,1,2,2,2,2,98
2774,2003,62,2,1,4,1,2,1,276
2775,2006,33,2,1,5,1,2,1,345
2776,2008,51,2,1,2,2,1,1,80
2777,2006,36,2,1,5,2,2,2,349
2778,2005,23,2,1,2,1,1,2,249
2779,2003,51,4,1,2,1,2,1,163
2780,2008,47,2,1,4,1,2,1,76
2781,2003,34,1,1,2,2,1,1,74
2782,2004,34,2,1,2,2,2,1,229
2783,2009,43,2,1,5,2,1,1,168
2784,2006,43,5,1,3,2,2,1,14
2785,2009,40,1,1,4,1,1,1,325
2786,2005,59,2,1,2,2,1,2,343
2787,2008,53,2,1,2,1,2,2,94
2788,2004,32,2,1,2,2,2,1,116
2789,2008,48,2,1,2,1,2,1,240
2790,2008,37,1,1,5,2,2,2,157
2791,2006,20,1,2,3,2,2,2,201
2792,2004,32,2,1,2,2,2,2,311
2793,2004,40,1,1,2,1,2,1,324
2794,2004,48,2,1,3,2,1,1,280
2795,2005,43,2,1,4,2,1,1,192
2796,2009,56,2,3,5,2,2,1,346
2797,2003,55,2,1,5,2,2,2,106
2798,2008,38,1,1,2,1,1,1,308
2799,2006,52,2,1,2,1,1,1,210
2800,2003,40,2,1,5,2,1,2,99
2801,2005,29,2,1,5,2,2,1,236
2802,2007,45,2,1,4,2,2,1,227
2803,2003,39,2,3,1,1,1,2,85
2804,2005,50,2,1,4,1,2,1,325
2805,2003,50,2,1,5,2,2,1,152
2806,2004,57,2,3,5,2,2,1,79
2807,2003,30,2,1,2,1,1,2,55
2808,2005,56,4,2,3,2,2,1,150
2809,2008,43,2,3,5,2,2,1,319
2810,2004,43,2,1,4,2,2,1,208
2811,2005,67,2,2,3,2,1,1,217
2812,2005,50,2,1,2,2,2,1,43
2813,2005,49,2,1,3,2,2,1,87
2814,2004,50,2,1,2,1,1,1,34
2815,2004,59,2,2,4,2,2,1,47
2816,2007,51,2,1,3,1,2,1,61
2817,2005,39,2,1,2,1,2,1,27
2818,2009,54,2,2,3,1,1,1,132
2819,2004,55,2,1,3,2,2,1,167
2820,2005,45,2,1,3,1,2,2,258
2821,2003,54,2,1,3,2,2,1,280
2822,2008,23,1,1,2,1,2,1,18
2823,2003,74,3,2,4,2,1,2,218
2824,2005,52,2,1,2,1,2,2,253
2825,2005,25,1,1,2,1,2,2,288
2826,2008,45,1,1,1,1,2,2,60
2827,2004,37,2,1,3,2,2,1,249
2828,2005,55,2,1,3,1,2,1,44
2829,2004,25,1,1,1,1,2,1,18
2830,2008,66,2,1,4,1,2,1,109
2831,2007,47,1,2,4,2,2,1,134
2832,2005,36,2,2,4,1,2,1,244
2833,2004,63,2,1,2,2,1,1,326
2834,2003,44,2,1,4,1,2,1,209
2835,2009,37,2,1,5,2,2,1,219
2836,2006,32,1,1,4,1,2,1,128
2837,2004,43,2,1,3,2,2,1,279
2838,2009,37,2,1,4,2,2,1,264
2839,2009,26,1,1,2,1,2,2,268
2840,2004,39,2,1,3,2,2,1,248
2841,2008,45,2,1,5,2,2,1,121
2842,2009,40,1,2,4,1,2,1,135
2843,2006,51,2,1,5,2,2,1,281
2844,2009,52,2,2,2,1,2,2,198
2845,2007,43,2,1,2,1,2,1,160
2846,2005,52,2,1,4,1,2,1,319
2847,2005,50,1,1,5,2,2,1,250
2848,2005,54,2,1,4,2,2,2,177
2849,2004,28,2,1,2,1,2,1,100
2850,2003,28,2,1,2,1,2,1,66
2851,2005,26,1,3,4,2,1,2,84
2852,2009,45,4,1,2,1,2,1,29
2853,2003,34,4,1,2,2,2,2,74
2854,2006,73,2,2,2,2,1,1,293
2855,2009,31,1,1,2,1,1,1,273
2856,2005,29,1,1,3,1,2,1,12
2857,2008,40,2,1,5,2,2,1,343
2858,2003,38,2,1,5,2,2,1,172
2859,2004,42,2,1,3,1,2,1,47
2860,2007,50,2,1,2,2,2,1,10
2861,2008,51,2,1,2,1,2,1,272
2862,2009,40,5,1,2,2,2,1,171
2863,2008,25,1,1,4,2,2,2,245
2864,2009,47,4,1,4,1,2,1,247
2865,2009,27,2,1,3,2,2,1,29
2866,2003,53,4,1,4,1,1,2,113
2867,2004,67,2,2,1,2,2,1,25
2868,2008,40,2,3,4,2,1,1,298
2869,2003,44,2,2,4,1,2,1,26
2870,2004,33,1,1,1,1,2,2,284
2871,2004,29,1,1,3,1,2,1,196
2872,2003,32,1,1,5,2,2,1,138
2873,2009,27,1,1,2,2,2,1,68
2874,2003,40,2,1,2,2,2,1,126
2875,2008,36,4,1,2,2,2,2,326
2876,2003,48,1,2,2,2,2,1,218
2877,2004,56,2,1,3,2,2,1,94
2878,2004,24,2,1,1,1,2,2,225
2879,2006,53,2,3,5,1,2,1,44
2880,2008,34,2,1,2,1,2,2,185
2881,2007,61,2,1,3,2,2,2,282
2882,2004,38,2,1,2,1,2,2,119
2883,2007,55,3,1,4,1,1,1,205
2884,2005,70,2,1,4,2,1,2,347
2885,2003,24,1,1,2,1,1,1,61
2886,2006,22,5,1,1,1,2,2,127
2887,2007,38,4,2,4,2,2,1,349
2888,2004,29,2,1,3,1,2,2,54
2889,2006,30,2,1,3,2,2,1,290
2890,2007,38,2,1,5,2,2,1,45
2891,2007,49,5,1,3,2,2,1,55
2892,2009,71,2,1,2,1,2,1,211
2893,2005,32,2,1,2,1,2,2,206
2894,2003,40,2,3,5,2,2,1,290
2895,2004,32,2,1,2,2,2,1,108
2896,2006,33,1,1,3,2,2,1,226
2897,2003,40,2,1,2,1,2,1,53
2898,2005,25,1,2,2,2,2,1,123
2899,2003,36,5,2,3,2,1,2,174
2900,2003,46,2,1,2,1,1,2,69
2901,2009,59,2,1,5,2,2,2,56
2902,2003,49,1,1,5,1,1,2,19
2903,2005,41,2,1,3,1,2,1,198
2904,2007,42,2,3,5,2,2,1,114
2905,2009,59,2,2,3,2,2,2,135
2906,2004,27,1,1,1,1,1,2,173
2907,2006,30,2,1,2,1,2,2,323
2908,2005,54,2,2,2,2,2,1,220
2909,2005,31,1,1,5,2,2,1,48
2910,2007,34,2,1,5,2,2,1,16
2911,2007,47,2,1,2,1,2,1,54
2912,2003,40,2,1,5,2,2,1,321
2913,2007,29,1,1,2,1,2,2,126
2914,2003,58,2,1,1,1,1,1,250
2915,2006,41,2,1,2,1,2,1,317
2916,2004,56,2,1,2,2,1,1,177
2917,2008,52,2,1,2,1,1,1,26
2918,2003,53,2,1,3,1,1,1,316
2919,2003,37,4,1,2,2,1,1,222
2920,2009,30,1,2,3,1,2,2,307
2921,2004,35,2,1,2,2,2,1,10
2922,2006,40,2,1,4,1,1,1,267
2923,2007,54,2,3,2,1,1,2,167
2924,2007,22,1,3,4,2,1,1,207
2925,2005,37,2,1,5,2,2,1,207
2926,2005,39,2,1,2,1,2,2,265
2927,2009,62,2,1,2,2,1,1,82
2928,2007,47,2,1,3,2,1,1,250
2929,2003,51,2,1,5,1,2,1,37
2930,2006,47,4,1,2,1,2,1,246
2931,2003,28,1,1,4,1,2,1,310
2932,2005,65,2,1,2,1,1,1,84
2933,2005,42,2,1,2,2,2,1,255
2934,2007,58,2,1,2,1,1,1,157
2935,2007,32,2,1,3,2,2,1,189
2936,2003,34,2,1,5,2,2,1,40
2937,2007,49,2,1,2,2,2,2,321
2938,2008,39,2,1,5,2,2,1,161
2939,2008,44,2,1,4,1,1,1,250
2940,2009,38,1,1,3,1,2,2,19
2941,2008,48,2,1,5,2,2,1,167
2942,2006,47,2,1,2,1,2,1,295
2943,2009,40,2,4,1,1,2,2,330
2944,2005,27,5,1,1,1,2,1,284
2945,2004,42,2,1,4,2,2,1,194
2946,2004,30,4,1,2,1,2,1,297
2947,2007,31,2,1,5,2,2,1,111
2948,2007,29,2,1,4,2,2,1,211
2949,2006,53,4,1,5,1,2,1,262
2950,2009,37,2,1,1,1,2,2,323
2951,2007,48,2,1,3,2,2,2,167
2952,2009,56,4,1,5,2,2,1,263
2953,2003,44,2,1,3,1,2,1,239
2954,2004,63,2,1,4,2,2,1,325
2955,2003,25,2,1,4,1,2,1,119
2956,2003,31,2,1,4,2,1,2,96
2957,2003,51,2,1,2,1,1,1,239
2958,2007,25,1,1,2,1,2,1,192
2959,2007,50,2,1,3,2,2,1,336
2960,2006,34,2,1,2,1,1,2,267
2961,2004,20,1,1,3,1,2,1,88
2962,2007,30,1,1,2,2,2,1,295
2963,2009,40,2,1,3,1,1,1,341
2964,2006,34,2,1,2,1,1,2,334
2965,2004,57,2,1,2,2,1,1,102
2966,2007,42,2,2,2,2,1,1,180
2967,2003,30,1,1,3,1,2,2,23
2968,2003,37,1,1,3,1,2,1,72
2969,2008,50,2,2,2,1,1,1,331
2970,2009,26,1,1,3,1,2,1,264
2971,2007,59,2,3,2,2,2,1,81
2972,2003,29,1,4,3,1,1,1,148
2973,2009,22,1,1,2,2,2,2,209
2974,2005,54,2,1,2,1,2,1,61
2975,2003,46,2,2,2,1,2,1,81
2976,2008,51,2,1,2,2,2,1,52
2977,2006,35,1,1,3,1,2,2,348
2978,2007,49,2,1,2,2,1,2,182
2979,2003,53,2,1,2,1,2,1,254
2980,2009,61,2,1,3,1,1,1,259
2981,2007,40,2,2,1,2,2,2,154
2982,2003,52,2,1,1,2,1,2,71
2983,2005,40,2,1,4,1,2,1,171
2984,2003,56,2,1,1,2,2,1,43
2985,2008,39,2,1,2,2,2,2,45
2986,2007,30,2,1,2,1,2,1,281
2987,2003,58,2,1,3,1,2,1,129
2988,2007,33,2,3,5,2,2,1,274
2989,2007,51,2,1,5,2,2,1,122
2990,2008,32,1,1,4,2,2,1,115
2991,2009,50,2,2,2,1,2,2,191
2992,2003,26,1,2,3,1,2,2,200
2993,2007,35,2,1,1,1,1,2,60
2994,2006,31,2,1,2,2,2,1,182
2995,2009,31,2,1,4,2,2,1,184
2996,2008,44,2,1,3,1,2,1,152
2997,2007,30,2,1,2,1,2,2,11
2998,2005,27,2,2,1,1,1,2,197
2999,2005,27,1,1,3,1,2,1,215
3000,2009,55,5,1,2,1,1,1,332
